"task_id","resource_class","array_index","design","phase","setting","scenario","me_weight","effect_weight","chunk_index","replicate_start","replicate_end","replicate_count","seed_base","mrdag_niter","mrdag_burnin","worker_script","output_directory","expected_output_file"
1,"standard",1,"generic_low_rank","main_no_mrdag",1,"me_2.5_effect_0.25",2.5,0.25,1,1,100,100,123,,,"paper/scripts/16_run_simulation_chunk.R","paper/output/full_run/chunks","generic_low_rank__main_no_mrdag__setting-1__rep-0001-0100.rds"
2,"standard",2,"generic_low_rank","main_no_mrdag",1,"me_2.5_effect_0.25",2.5,0.25,2,101,200,100,123,,,"paper/scripts/16_run_simulation_chunk.R","paper/output/full_run/chunks","generic_low_rank__main_no_mrdag__setting-1__rep-0101-0200.rds"
3,"standard",3,"generic_low_rank","main_no_mrdag",1,"me_2.5_effect_0.25",2.5,0.25,3,201,300,100,123,,,"paper/scripts/16_run_simulation_chunk.R","paper/output/full_run/chunks","generic_low_rank__main_no_mrdag__setting-1__rep-0201-0300.rds"
4,"standard",4,"generic_low_rank","main_no_mrdag",1,"me_2.5_effect_0.25",2.5,0.25,4,301,400,100,123,,,"paper/scripts/16_run_simulation_chunk.R","paper/output/full_run/chunks","generic_low_rank__main_no_mrdag__setting-1__rep-0301-0400.rds"
5,"standard",5,"generic_low_rank","main_no_mrdag",1,"me_2.5_effect_0.25",2.5,0.25,5,401,500,100,123,,,"paper/scripts/16_run_simulation_chunk.R","paper/output/full_run/chunks","generic_low_rank__main_no_mrdag__setting-1__rep-0401-0500.rds"
6,"standard",6,"generic_low_rank","main_no_mrdag",1,"me_2.5_effect_0.25",2.5,0.25,6,501,600,100,123,,,"paper/scripts/16_run_simulation_chunk.R","paper/output/full_run/chunks","generic_low_rank__main_no_mrdag__setting-1__rep-0501-0600.rds"
7,"standard",7,"generic_low_rank","main_no_mrdag",1,"me_2.5_effect_0.25",2.5,0.25,7,601,700,100,123,,,"paper/scripts/16_run_simulation_chunk.R","paper/output/full_run/chunks","generic_low_rank__main_no_mrdag__setting-1__rep-0601-0700.rds"
8,"standard",8,"generic_low_rank","main_no_mrdag",1,"me_2.5_effect_0.25",2.5,0.25,8,701,800,100,123,,,"paper/scripts/16_run_simulation_chunk.R","paper/output/full_run/chunks","generic_low_rank__main_no_mrdag__setting-1__rep-0701-0800.rds"
9,"standard",9,"generic_low_rank","main_no_mrdag",1,"me_2.5_effect_0.25",2.5,0.25,9,801,900,100,123,,,"paper/scripts/16_run_simulation_chunk.R","paper/output/full_run/chunks","generic_low_rank__main_no_mrdag__setting-1__rep-0801-0900.rds"
10,"standard",10,"generic_low_rank","main_no_mrdag",1,"me_2.5_effect_0.25",2.5,0.25,10,901,1000,100,123,,,"paper/scripts/16_run_simulation_chunk.R","paper/output/full_run/chunks","generic_low_rank__main_no_mrdag__setting-1__rep-0901-1000.rds"
11,"standard",11,"generic_low_rank","main_no_mrdag",2,"me_1_effect_0.25",1,0.25,1,1,100,100,123,,,"paper/scripts/16_run_simulation_chunk.R","paper/output/full_run/chunks","generic_low_rank__main_no_mrdag__setting-2__rep-0001-0100.rds"
12,"standard",12,"generic_low_rank","main_no_mrdag",2,"me_1_effect_0.25",1,0.25,2,101,200,100,123,,,"paper/scripts/16_run_simulation_chunk.R","paper/output/full_run/chunks","generic_low_rank__main_no_mrdag__setting-2__rep-0101-0200.rds"
13,"standard",13,"generic_low_rank","main_no_mrdag",2,"me_1_effect_0.25",1,0.25,3,201,300,100,123,,,"paper/scripts/16_run_simulation_chunk.R","paper/output/full_run/chunks","generic_low_rank__main_no_mrdag__setting-2__rep-0201-0300.rds"
14,"standard",14,"generic_low_rank","main_no_mrdag",2,"me_1_effect_0.25",1,0.25,4,301,400,100,123,,,"paper/scripts/16_run_simulation_chunk.R","paper/output/full_run/chunks","generic_low_rank__main_no_mrdag__setting-2__rep-0301-0400.rds"
15,"standard",15,"generic_low_rank","main_no_mrdag",2,"me_1_effect_0.25",1,0.25,5,401,500,100,123,,,"paper/scripts/16_run_simulation_chunk.R","paper/output/full_run/chunks","generic_low_rank__main_no_mrdag__setting-2__rep-0401-0500.rds"
16,"standard",16,"generic_low_rank","main_no_mrdag",2,"me_1_effect_0.25",1,0.25,6,501,600,100,123,,,"paper/scripts/16_run_simulation_chunk.R","paper/output/full_run/chunks","generic_low_rank__main_no_mrdag__setting-2__rep-0501-0600.rds"
17,"standard",17,"generic_low_rank","main_no_mrdag",2,"me_1_effect_0.25",1,0.25,7,601,700,100,123,,,"paper/scripts/16_run_simulation_chunk.R","paper/output/full_run/chunks","generic_low_rank__main_no_mrdag__setting-2__rep-0601-0700.rds"
18,"standard",18,"generic_low_rank","main_no_mrdag",2,"me_1_effect_0.25",1,0.25,8,701,800,100,123,,,"paper/scripts/16_run_simulation_chunk.R","paper/output/full_run/chunks","generic_low_rank__main_no_mrdag__setting-2__rep-0701-0800.rds"
19,"standard",19,"generic_low_rank","main_no_mrdag",2,"me_1_effect_0.25",1,0.25,9,801,900,100,123,,,"paper/scripts/16_run_simulation_chunk.R","paper/output/full_run/chunks","generic_low_rank__main_no_mrdag__setting-2__rep-0801-0900.rds"
20,"standard",20,"generic_low_rank","main_no_mrdag",2,"me_1_effect_0.25",1,0.25,10,901,1000,100,123,,,"paper/scripts/16_run_simulation_chunk.R","paper/output/full_run/chunks","generic_low_rank__main_no_mrdag__setting-2__rep-0901-1000.rds"
21,"standard",21,"generic_low_rank","main_no_mrdag",3,"me_2.5_effect_1",2.5,1,1,1,100,100,123,,,"paper/scripts/16_run_simulation_chunk.R","paper/output/full_run/chunks","generic_low_rank__main_no_mrdag__setting-3__rep-0001-0100.rds"
22,"standard",22,"generic_low_rank","main_no_mrdag",3,"me_2.5_effect_1",2.5,1,2,101,200,100,123,,,"paper/scripts/16_run_simulation_chunk.R","paper/output/full_run/chunks","generic_low_rank__main_no_mrdag__setting-3__rep-0101-0200.rds"
23,"standard",23,"generic_low_rank","main_no_mrdag",3,"me_2.5_effect_1",2.5,1,3,201,300,100,123,,,"paper/scripts/16_run_simulation_chunk.R","paper/output/full_run/chunks","generic_low_rank__main_no_mrdag__setting-3__rep-0201-0300.rds"
24,"standard",24,"generic_low_rank","main_no_mrdag",3,"me_2.5_effect_1",2.5,1,4,301,400,100,123,,,"paper/scripts/16_run_simulation_chunk.R","paper/output/full_run/chunks","generic_low_rank__main_no_mrdag__setting-3__rep-0301-0400.rds"
25,"standard",25,"generic_low_rank","main_no_mrdag",3,"me_2.5_effect_1",2.5,1,5,401,500,100,123,,,"paper/scripts/16_run_simulation_chunk.R","paper/output/full_run/chunks","generic_low_rank__main_no_mrdag__setting-3__rep-0401-0500.rds"
26,"standard",26,"generic_low_rank","main_no_mrdag",3,"me_2.5_effect_1",2.5,1,6,501,600,100,123,,,"paper/scripts/16_run_simulation_chunk.R","paper/output/full_run/chunks","generic_low_rank__main_no_mrdag__setting-3__rep-0501-0600.rds"
27,"standard",27,"generic_low_rank","main_no_mrdag",3,"me_2.5_effect_1",2.5,1,7,601,700,100,123,,,"paper/scripts/16_run_simulation_chunk.R","paper/output/full_run/chunks","generic_low_rank__main_no_mrdag__setting-3__rep-0601-0700.rds"
28,"standard",28,"generic_low_rank","main_no_mrdag",3,"me_2.5_effect_1",2.5,1,8,701,800,100,123,,,"paper/scripts/16_run_simulation_chunk.R","paper/output/full_run/chunks","generic_low_rank__main_no_mrdag__setting-3__rep-0701-0800.rds"
29,"standard",29,"generic_low_rank","main_no_mrdag",3,"me_2.5_effect_1",2.5,1,9,801,900,100,123,,,"paper/scripts/16_run_simulation_chunk.R","paper/output/full_run/chunks","generic_low_rank__main_no_mrdag__setting-3__rep-0801-0900.rds"
30,"standard",30,"generic_low_rank","main_no_mrdag",3,"me_2.5_effect_1",2.5,1,10,901,1000,100,123,,,"paper/scripts/16_run_simulation_chunk.R","paper/output/full_run/chunks","generic_low_rank__main_no_mrdag__setting-3__rep-0901-1000.rds"
31,"standard",31,"generic_low_rank","main_no_mrdag",4,"me_1_effect_1",1,1,1,1,100,100,123,,,"paper/scripts/16_run_simulation_chunk.R","paper/output/full_run/chunks","generic_low_rank__main_no_mrdag__setting-4__rep-0001-0100.rds"
32,"standard",32,"generic_low_rank","main_no_mrdag",4,"me_1_effect_1",1,1,2,101,200,100,123,,,"paper/scripts/16_run_simulation_chunk.R","paper/output/full_run/chunks","generic_low_rank__main_no_mrdag__setting-4__rep-0101-0200.rds"
33,"standard",33,"generic_low_rank","main_no_mrdag",4,"me_1_effect_1",1,1,3,201,300,100,123,,,"paper/scripts/16_run_simulation_chunk.R","paper/output/full_run/chunks","generic_low_rank__main_no_mrdag__setting-4__rep-0201-0300.rds"
34,"standard",34,"generic_low_rank","main_no_mrdag",4,"me_1_effect_1",1,1,4,301,400,100,123,,,"paper/scripts/16_run_simulation_chunk.R","paper/output/full_run/chunks","generic_low_rank__main_no_mrdag__setting-4__rep-0301-0400.rds"
35,"standard",35,"generic_low_rank","main_no_mrdag",4,"me_1_effect_1",1,1,5,401,500,100,123,,,"paper/scripts/16_run_simulation_chunk.R","paper/output/full_run/chunks","generic_low_rank__main_no_mrdag__setting-4__rep-0401-0500.rds"
36,"standard",36,"generic_low_rank","main_no_mrdag",4,"me_1_effect_1",1,1,6,501,600,100,123,,,"paper/scripts/16_run_simulation_chunk.R","paper/output/full_run/chunks","generic_low_rank__main_no_mrdag__setting-4__rep-0501-0600.rds"
37,"standard",37,"generic_low_rank","main_no_mrdag",4,"me_1_effect_1",1,1,7,601,700,100,123,,,"paper/scripts/16_run_simulation_chunk.R","paper/output/full_run/chunks","generic_low_rank__main_no_mrdag__setting-4__rep-0601-0700.rds"
38,"standard",38,"generic_low_rank","main_no_mrdag",4,"me_1_effect_1",1,1,8,701,800,100,123,,,"paper/scripts/16_run_simulation_chunk.R","paper/output/full_run/chunks","generic_low_rank__main_no_mrdag__setting-4__rep-0701-0800.rds"
39,"standard",39,"generic_low_rank","main_no_mrdag",4,"me_1_effect_1",1,1,9,801,900,100,123,,,"paper/scripts/16_run_simulation_chunk.R","paper/output/full_run/chunks","generic_low_rank__main_no_mrdag__setting-4__rep-0801-0900.rds"
40,"standard",40,"generic_low_rank","main_no_mrdag",4,"me_1_effect_1",1,1,10,901,1000,100,123,,,"paper/scripts/16_run_simulation_chunk.R","paper/output/full_run/chunks","generic_low_rank__main_no_mrdag__setting-4__rep-0901-1000.rds"
41,"standard",41,"generic_low_rank","sparse",1,"me_2.5_effect_0.25",2.5,0.25,1,1,100,100,123,,,"paper/scripts/16_run_simulation_chunk.R","paper/output/full_run/chunks","generic_low_rank__sparse__setting-1__rep-0001-0100.rds"
42,"standard",42,"generic_low_rank","sparse",1,"me_2.5_effect_0.25",2.5,0.25,2,101,200,100,123,,,"paper/scripts/16_run_simulation_chunk.R","paper/output/full_run/chunks","generic_low_rank__sparse__setting-1__rep-0101-0200.rds"
43,"standard",43,"generic_low_rank","sparse",1,"me_2.5_effect_0.25",2.5,0.25,3,201,300,100,123,,,"paper/scripts/16_run_simulation_chunk.R","paper/output/full_run/chunks","generic_low_rank__sparse__setting-1__rep-0201-0300.rds"
44,"standard",44,"generic_low_rank","sparse",1,"me_2.5_effect_0.25",2.5,0.25,4,301,400,100,123,,,"paper/scripts/16_run_simulation_chunk.R","paper/output/full_run/chunks","generic_low_rank__sparse__setting-1__rep-0301-0400.rds"
45,"standard",45,"generic_low_rank","sparse",1,"me_2.5_effect_0.25",2.5,0.25,5,401,500,100,123,,,"paper/scripts/16_run_simulation_chunk.R","paper/output/full_run/chunks","generic_low_rank__sparse__setting-1__rep-0401-0500.rds"
46,"standard",46,"generic_low_rank","sparse",1,"me_2.5_effect_0.25",2.5,0.25,6,501,600,100,123,,,"paper/scripts/16_run_simulation_chunk.R","paper/output/full_run/chunks","generic_low_rank__sparse__setting-1__rep-0501-0600.rds"
47,"standard",47,"generic_low_rank","sparse",1,"me_2.5_effect_0.25",2.5,0.25,7,601,700,100,123,,,"paper/scripts/16_run_simulation_chunk.R","paper/output/full_run/chunks","generic_low_rank__sparse__setting-1__rep-0601-0700.rds"
48,"standard",48,"generic_low_rank","sparse",1,"me_2.5_effect_0.25",2.5,0.25,8,701,800,100,123,,,"paper/scripts/16_run_simulation_chunk.R","paper/output/full_run/chunks","generic_low_rank__sparse__setting-1__rep-0701-0800.rds"
49,"standard",49,"generic_low_rank","sparse",1,"me_2.5_effect_0.25",2.5,0.25,9,801,900,100,123,,,"paper/scripts/16_run_simulation_chunk.R","paper/output/full_run/chunks","generic_low_rank__sparse__setting-1__rep-0801-0900.rds"
50,"standard",50,"generic_low_rank","sparse",1,"me_2.5_effect_0.25",2.5,0.25,10,901,1000,100,123,,,"paper/scripts/16_run_simulation_chunk.R","paper/output/full_run/chunks","generic_low_rank__sparse__setting-1__rep-0901-1000.rds"
51,"standard",51,"generic_low_rank","sparse",2,"me_1_effect_0.25",1,0.25,1,1,100,100,123,,,"paper/scripts/16_run_simulation_chunk.R","paper/output/full_run/chunks","generic_low_rank__sparse__setting-2__rep-0001-0100.rds"
52,"standard",52,"generic_low_rank","sparse",2,"me_1_effect_0.25",1,0.25,2,101,200,100,123,,,"paper/scripts/16_run_simulation_chunk.R","paper/output/full_run/chunks","generic_low_rank__sparse__setting-2__rep-0101-0200.rds"
53,"standard",53,"generic_low_rank","sparse",2,"me_1_effect_0.25",1,0.25,3,201,300,100,123,,,"paper/scripts/16_run_simulation_chunk.R","paper/output/full_run/chunks","generic_low_rank__sparse__setting-2__rep-0201-0300.rds"
54,"standard",54,"generic_low_rank","sparse",2,"me_1_effect_0.25",1,0.25,4,301,400,100,123,,,"paper/scripts/16_run_simulation_chunk.R","paper/output/full_run/chunks","generic_low_rank__sparse__setting-2__rep-0301-0400.rds"
55,"standard",55,"generic_low_rank","sparse",2,"me_1_effect_0.25",1,0.25,5,401,500,100,123,,,"paper/scripts/16_run_simulation_chunk.R","paper/output/full_run/chunks","generic_low_rank__sparse__setting-2__rep-0401-0500.rds"
56,"standard",56,"generic_low_rank","sparse",2,"me_1_effect_0.25",1,0.25,6,501,600,100,123,,,"paper/scripts/16_run_simulation_chunk.R","paper/output/full_run/chunks","generic_low_rank__sparse__setting-2__rep-0501-0600.rds"
57,"standard",57,"generic_low_rank","sparse",2,"me_1_effect_0.25",1,0.25,7,601,700,100,123,,,"paper/scripts/16_run_simulation_chunk.R","paper/output/full_run/chunks","generic_low_rank__sparse__setting-2__rep-0601-0700.rds"
58,"standard",58,"generic_low_rank","sparse",2,"me_1_effect_0.25",1,0.25,8,701,800,100,123,,,"paper/scripts/16_run_simulation_chunk.R","paper/output/full_run/chunks","generic_low_rank__sparse__setting-2__rep-0701-0800.rds"
59,"standard",59,"generic_low_rank","sparse",2,"me_1_effect_0.25",1,0.25,9,801,900,100,123,,,"paper/scripts/16_run_simulation_chunk.R","paper/output/full_run/chunks","generic_low_rank__sparse__setting-2__rep-0801-0900.rds"
60,"standard",60,"generic_low_rank","sparse",2,"me_1_effect_0.25",1,0.25,10,901,1000,100,123,,,"paper/scripts/16_run_simulation_chunk.R","paper/output/full_run/chunks","generic_low_rank__sparse__setting-2__rep-0901-1000.rds"
61,"standard",61,"generic_low_rank","sparse",3,"me_2.5_effect_1",2.5,1,1,1,100,100,123,,,"paper/scripts/16_run_simulation_chunk.R","paper/output/full_run/chunks","generic_low_rank__sparse__setting-3__rep-0001-0100.rds"
62,"standard",62,"generic_low_rank","sparse",3,"me_2.5_effect_1",2.5,1,2,101,200,100,123,,,"paper/scripts/16_run_simulation_chunk.R","paper/output/full_run/chunks","generic_low_rank__sparse__setting-3__rep-0101-0200.rds"
63,"standard",63,"generic_low_rank","sparse",3,"me_2.5_effect_1",2.5,1,3,201,300,100,123,,,"paper/scripts/16_run_simulation_chunk.R","paper/output/full_run/chunks","generic_low_rank__sparse__setting-3__rep-0201-0300.rds"
64,"standard",64,"generic_low_rank","sparse",3,"me_2.5_effect_1",2.5,1,4,301,400,100,123,,,"paper/scripts/16_run_simulation_chunk.R","paper/output/full_run/chunks","generic_low_rank__sparse__setting-3__rep-0301-0400.rds"
65,"standard",65,"generic_low_rank","sparse",3,"me_2.5_effect_1",2.5,1,5,401,500,100,123,,,"paper/scripts/16_run_simulation_chunk.R","paper/output/full_run/chunks","generic_low_rank__sparse__setting-3__rep-0401-0500.rds"
66,"standard",66,"generic_low_rank","sparse",3,"me_2.5_effect_1",2.5,1,6,501,600,100,123,,,"paper/scripts/16_run_simulation_chunk.R","paper/output/full_run/chunks","generic_low_rank__sparse__setting-3__rep-0501-0600.rds"
67,"standard",67,"generic_low_rank","sparse",3,"me_2.5_effect_1",2.5,1,7,601,700,100,123,,,"paper/scripts/16_run_simulation_chunk.R","paper/output/full_run/chunks","generic_low_rank__sparse__setting-3__rep-0601-0700.rds"
68,"standard",68,"generic_low_rank","sparse",3,"me_2.5_effect_1",2.5,1,8,701,800,100,123,,,"paper/scripts/16_run_simulation_chunk.R","paper/output/full_run/chunks","generic_low_rank__sparse__setting-3__rep-0701-0800.rds"
69,"standard",69,"generic_low_rank","sparse",3,"me_2.5_effect_1",2.5,1,9,801,900,100,123,,,"paper/scripts/16_run_simulation_chunk.R","paper/output/full_run/chunks","generic_low_rank__sparse__setting-3__rep-0801-0900.rds"
70,"standard",70,"generic_low_rank","sparse",3,"me_2.5_effect_1",2.5,1,10,901,1000,100,123,,,"paper/scripts/16_run_simulation_chunk.R","paper/output/full_run/chunks","generic_low_rank__sparse__setting-3__rep-0901-1000.rds"
71,"standard",71,"generic_low_rank","sparse",4,"me_1_effect_1",1,1,1,1,100,100,123,,,"paper/scripts/16_run_simulation_chunk.R","paper/output/full_run/chunks","generic_low_rank__sparse__setting-4__rep-0001-0100.rds"
72,"standard",72,"generic_low_rank","sparse",4,"me_1_effect_1",1,1,2,101,200,100,123,,,"paper/scripts/16_run_simulation_chunk.R","paper/output/full_run/chunks","generic_low_rank__sparse__setting-4__rep-0101-0200.rds"
73,"standard",73,"generic_low_rank","sparse",4,"me_1_effect_1",1,1,3,201,300,100,123,,,"paper/scripts/16_run_simulation_chunk.R","paper/output/full_run/chunks","generic_low_rank__sparse__setting-4__rep-0201-0300.rds"
74,"standard",74,"generic_low_rank","sparse",4,"me_1_effect_1",1,1,4,301,400,100,123,,,"paper/scripts/16_run_simulation_chunk.R","paper/output/full_run/chunks","generic_low_rank__sparse__setting-4__rep-0301-0400.rds"
75,"standard",75,"generic_low_rank","sparse",4,"me_1_effect_1",1,1,5,401,500,100,123,,,"paper/scripts/16_run_simulation_chunk.R","paper/output/full_run/chunks","generic_low_rank__sparse__setting-4__rep-0401-0500.rds"
76,"standard",76,"generic_low_rank","sparse",4,"me_1_effect_1",1,1,6,501,600,100,123,,,"paper/scripts/16_run_simulation_chunk.R","paper/output/full_run/chunks","generic_low_rank__sparse__setting-4__rep-0501-0600.rds"
77,"standard",77,"generic_low_rank","sparse",4,"me_1_effect_1",1,1,7,601,700,100,123,,,"paper/scripts/16_run_simulation_chunk.R","paper/output/full_run/chunks","generic_low_rank__sparse__setting-4__rep-0601-0700.rds"
78,"standard",78,"generic_low_rank","sparse",4,"me_1_effect_1",1,1,8,701,800,100,123,,,"paper/scripts/16_run_simulation_chunk.R","paper/output/full_run/chunks","generic_low_rank__sparse__setting-4__rep-0701-0800.rds"
79,"standard",79,"generic_low_rank","sparse",4,"me_1_effect_1",1,1,9,801,900,100,123,,,"paper/scripts/16_run_simulation_chunk.R","paper/output/full_run/chunks","generic_low_rank__sparse__setting-4__rep-0801-0900.rds"
80,"standard",80,"generic_low_rank","sparse",4,"me_1_effect_1",1,1,10,901,1000,100,123,,,"paper/scripts/16_run_simulation_chunk.R","paper/output/full_run/chunks","generic_low_rank__sparse__setting-4__rep-0901-1000.rds"
81,"standard",81,"sparse_loading","main_no_mrdag",1,"me_2.5_effect_0.25",2.5,0.25,1,1,100,100,123,,,"paper/scripts/16_run_simulation_chunk.R","paper/output/full_run/chunks","sparse_loading__main_no_mrdag__setting-1__rep-0001-0100.rds"
82,"standard",82,"sparse_loading","main_no_mrdag",1,"me_2.5_effect_0.25",2.5,0.25,2,101,200,100,123,,,"paper/scripts/16_run_simulation_chunk.R","paper/output/full_run/chunks","sparse_loading__main_no_mrdag__setting-1__rep-0101-0200.rds"
83,"standard",83,"sparse_loading","main_no_mrdag",1,"me_2.5_effect_0.25",2.5,0.25,3,201,300,100,123,,,"paper/scripts/16_run_simulation_chunk.R","paper/output/full_run/chunks","sparse_loading__main_no_mrdag__setting-1__rep-0201-0300.rds"
84,"standard",84,"sparse_loading","main_no_mrdag",1,"me_2.5_effect_0.25",2.5,0.25,4,301,400,100,123,,,"paper/scripts/16_run_simulation_chunk.R","paper/output/full_run/chunks","sparse_loading__main_no_mrdag__setting-1__rep-0301-0400.rds"
85,"standard",85,"sparse_loading","main_no_mrdag",1,"me_2.5_effect_0.25",2.5,0.25,5,401,500,100,123,,,"paper/scripts/16_run_simulation_chunk.R","paper/output/full_run/chunks","sparse_loading__main_no_mrdag__setting-1__rep-0401-0500.rds"
86,"standard",86,"sparse_loading","main_no_mrdag",1,"me_2.5_effect_0.25",2.5,0.25,6,501,600,100,123,,,"paper/scripts/16_run_simulation_chunk.R","paper/output/full_run/chunks","sparse_loading__main_no_mrdag__setting-1__rep-0501-0600.rds"
87,"standard",87,"sparse_loading","main_no_mrdag",1,"me_2.5_effect_0.25",2.5,0.25,7,601,700,100,123,,,"paper/scripts/16_run_simulation_chunk.R","paper/output/full_run/chunks","sparse_loading__main_no_mrdag__setting-1__rep-0601-0700.rds"
88,"standard",88,"sparse_loading","main_no_mrdag",1,"me_2.5_effect_0.25",2.5,0.25,8,701,800,100,123,,,"paper/scripts/16_run_simulation_chunk.R","paper/output/full_run/chunks","sparse_loading__main_no_mrdag__setting-1__rep-0701-0800.rds"
89,"standard",89,"sparse_loading","main_no_mrdag",1,"me_2.5_effect_0.25",2.5,0.25,9,801,900,100,123,,,"paper/scripts/16_run_simulation_chunk.R","paper/output/full_run/chunks","sparse_loading__main_no_mrdag__setting-1__rep-0801-0900.rds"
90,"standard",90,"sparse_loading","main_no_mrdag",1,"me_2.5_effect_0.25",2.5,0.25,10,901,1000,100,123,,,"paper/scripts/16_run_simulation_chunk.R","paper/output/full_run/chunks","sparse_loading__main_no_mrdag__setting-1__rep-0901-1000.rds"
91,"standard",91,"sparse_loading","main_no_mrdag",2,"me_1_effect_0.25",1,0.25,1,1,100,100,123,,,"paper/scripts/16_run_simulation_chunk.R","paper/output/full_run/chunks","sparse_loading__main_no_mrdag__setting-2__rep-0001-0100.rds"
92,"standard",92,"sparse_loading","main_no_mrdag",2,"me_1_effect_0.25",1,0.25,2,101,200,100,123,,,"paper/scripts/16_run_simulation_chunk.R","paper/output/full_run/chunks","sparse_loading__main_no_mrdag__setting-2__rep-0101-0200.rds"
93,"standard",93,"sparse_loading","main_no_mrdag",2,"me_1_effect_0.25",1,0.25,3,201,300,100,123,,,"paper/scripts/16_run_simulation_chunk.R","paper/output/full_run/chunks","sparse_loading__main_no_mrdag__setting-2__rep-0201-0300.rds"
94,"standard",94,"sparse_loading","main_no_mrdag",2,"me_1_effect_0.25",1,0.25,4,301,400,100,123,,,"paper/scripts/16_run_simulation_chunk.R","paper/output/full_run/chunks","sparse_loading__main_no_mrdag__setting-2__rep-0301-0400.rds"
95,"standard",95,"sparse_loading","main_no_mrdag",2,"me_1_effect_0.25",1,0.25,5,401,500,100,123,,,"paper/scripts/16_run_simulation_chunk.R","paper/output/full_run/chunks","sparse_loading__main_no_mrdag__setting-2__rep-0401-0500.rds"
96,"standard",96,"sparse_loading","main_no_mrdag",2,"me_1_effect_0.25",1,0.25,6,501,600,100,123,,,"paper/scripts/16_run_simulation_chunk.R","paper/output/full_run/chunks","sparse_loading__main_no_mrdag__setting-2__rep-0501-0600.rds"
97,"standard",97,"sparse_loading","main_no_mrdag",2,"me_1_effect_0.25",1,0.25,7,601,700,100,123,,,"paper/scripts/16_run_simulation_chunk.R","paper/output/full_run/chunks","sparse_loading__main_no_mrdag__setting-2__rep-0601-0700.rds"
98,"standard",98,"sparse_loading","main_no_mrdag",2,"me_1_effect_0.25",1,0.25,8,701,800,100,123,,,"paper/scripts/16_run_simulation_chunk.R","paper/output/full_run/chunks","sparse_loading__main_no_mrdag__setting-2__rep-0701-0800.rds"
99,"standard",99,"sparse_loading","main_no_mrdag",2,"me_1_effect_0.25",1,0.25,9,801,900,100,123,,,"paper/scripts/16_run_simulation_chunk.R","paper/output/full_run/chunks","sparse_loading__main_no_mrdag__setting-2__rep-0801-0900.rds"
100,"standard",100,"sparse_loading","main_no_mrdag",2,"me_1_effect_0.25",1,0.25,10,901,1000,100,123,,,"paper/scripts/16_run_simulation_chunk.R","paper/output/full_run/chunks","sparse_loading__main_no_mrdag__setting-2__rep-0901-1000.rds"
101,"standard",101,"sparse_loading","main_no_mrdag",3,"me_2.5_effect_1",2.5,1,1,1,100,100,123,,,"paper/scripts/16_run_simulation_chunk.R","paper/output/full_run/chunks","sparse_loading__main_no_mrdag__setting-3__rep-0001-0100.rds"
102,"standard",102,"sparse_loading","main_no_mrdag",3,"me_2.5_effect_1",2.5,1,2,101,200,100,123,,,"paper/scripts/16_run_simulation_chunk.R","paper/output/full_run/chunks","sparse_loading__main_no_mrdag__setting-3__rep-0101-0200.rds"
103,"standard",103,"sparse_loading","main_no_mrdag",3,"me_2.5_effect_1",2.5,1,3,201,300,100,123,,,"paper/scripts/16_run_simulation_chunk.R","paper/output/full_run/chunks","sparse_loading__main_no_mrdag__setting-3__rep-0201-0300.rds"
104,"standard",104,"sparse_loading","main_no_mrdag",3,"me_2.5_effect_1",2.5,1,4,301,400,100,123,,,"paper/scripts/16_run_simulation_chunk.R","paper/output/full_run/chunks","sparse_loading__main_no_mrdag__setting-3__rep-0301-0400.rds"
105,"standard",105,"sparse_loading","main_no_mrdag",3,"me_2.5_effect_1",2.5,1,5,401,500,100,123,,,"paper/scripts/16_run_simulation_chunk.R","paper/output/full_run/chunks","sparse_loading__main_no_mrdag__setting-3__rep-0401-0500.rds"
106,"standard",106,"sparse_loading","main_no_mrdag",3,"me_2.5_effect_1",2.5,1,6,501,600,100,123,,,"paper/scripts/16_run_simulation_chunk.R","paper/output/full_run/chunks","sparse_loading__main_no_mrdag__setting-3__rep-0501-0600.rds"
107,"standard",107,"sparse_loading","main_no_mrdag",3,"me_2.5_effect_1",2.5,1,7,601,700,100,123,,,"paper/scripts/16_run_simulation_chunk.R","paper/output/full_run/chunks","sparse_loading__main_no_mrdag__setting-3__rep-0601-0700.rds"
108,"standard",108,"sparse_loading","main_no_mrdag",3,"me_2.5_effect_1",2.5,1,8,701,800,100,123,,,"paper/scripts/16_run_simulation_chunk.R","paper/output/full_run/chunks","sparse_loading__main_no_mrdag__setting-3__rep-0701-0800.rds"
109,"standard",109,"sparse_loading","main_no_mrdag",3,"me_2.5_effect_1",2.5,1,9,801,900,100,123,,,"paper/scripts/16_run_simulation_chunk.R","paper/output/full_run/chunks","sparse_loading__main_no_mrdag__setting-3__rep-0801-0900.rds"
110,"standard",110,"sparse_loading","main_no_mrdag",3,"me_2.5_effect_1",2.5,1,10,901,1000,100,123,,,"paper/scripts/16_run_simulation_chunk.R","paper/output/full_run/chunks","sparse_loading__main_no_mrdag__setting-3__rep-0901-1000.rds"
111,"standard",111,"sparse_loading","main_no_mrdag",4,"me_1_effect_1",1,1,1,1,100,100,123,,,"paper/scripts/16_run_simulation_chunk.R","paper/output/full_run/chunks","sparse_loading__main_no_mrdag__setting-4__rep-0001-0100.rds"
112,"standard",112,"sparse_loading","main_no_mrdag",4,"me_1_effect_1",1,1,2,101,200,100,123,,,"paper/scripts/16_run_simulation_chunk.R","paper/output/full_run/chunks","sparse_loading__main_no_mrdag__setting-4__rep-0101-0200.rds"
113,"standard",113,"sparse_loading","main_no_mrdag",4,"me_1_effect_1",1,1,3,201,300,100,123,,,"paper/scripts/16_run_simulation_chunk.R","paper/output/full_run/chunks","sparse_loading__main_no_mrdag__setting-4__rep-0201-0300.rds"
114,"standard",114,"sparse_loading","main_no_mrdag",4,"me_1_effect_1",1,1,4,301,400,100,123,,,"paper/scripts/16_run_simulation_chunk.R","paper/output/full_run/chunks","sparse_loading__main_no_mrdag__setting-4__rep-0301-0400.rds"
115,"standard",115,"sparse_loading","main_no_mrdag",4,"me_1_effect_1",1,1,5,401,500,100,123,,,"paper/scripts/16_run_simulation_chunk.R","paper/output/full_run/chunks","sparse_loading__main_no_mrdag__setting-4__rep-0401-0500.rds"
116,"standard",116,"sparse_loading","main_no_mrdag",4,"me_1_effect_1",1,1,6,501,600,100,123,,,"paper/scripts/16_run_simulation_chunk.R","paper/output/full_run/chunks","sparse_loading__main_no_mrdag__setting-4__rep-0501-0600.rds"
117,"standard",117,"sparse_loading","main_no_mrdag",4,"me_1_effect_1",1,1,7,601,700,100,123,,,"paper/scripts/16_run_simulation_chunk.R","paper/output/full_run/chunks","sparse_loading__main_no_mrdag__setting-4__rep-0601-0700.rds"
118,"standard",118,"sparse_loading","main_no_mrdag",4,"me_1_effect_1",1,1,8,701,800,100,123,,,"paper/scripts/16_run_simulation_chunk.R","paper/output/full_run/chunks","sparse_loading__main_no_mrdag__setting-4__rep-0701-0800.rds"
119,"standard",119,"sparse_loading","main_no_mrdag",4,"me_1_effect_1",1,1,9,801,900,100,123,,,"paper/scripts/16_run_simulation_chunk.R","paper/output/full_run/chunks","sparse_loading__main_no_mrdag__setting-4__rep-0801-0900.rds"
120,"standard",120,"sparse_loading","main_no_mrdag",4,"me_1_effect_1",1,1,10,901,1000,100,123,,,"paper/scripts/16_run_simulation_chunk.R","paper/output/full_run/chunks","sparse_loading__main_no_mrdag__setting-4__rep-0901-1000.rds"
121,"standard",121,"sparse_loading","sparse",1,"me_2.5_effect_0.25",2.5,0.25,1,1,100,100,123,,,"paper/scripts/16_run_simulation_chunk.R","paper/output/full_run/chunks","sparse_loading__sparse__setting-1__rep-0001-0100.rds"
122,"standard",122,"sparse_loading","sparse",1,"me_2.5_effect_0.25",2.5,0.25,2,101,200,100,123,,,"paper/scripts/16_run_simulation_chunk.R","paper/output/full_run/chunks","sparse_loading__sparse__setting-1__rep-0101-0200.rds"
123,"standard",123,"sparse_loading","sparse",1,"me_2.5_effect_0.25",2.5,0.25,3,201,300,100,123,,,"paper/scripts/16_run_simulation_chunk.R","paper/output/full_run/chunks","sparse_loading__sparse__setting-1__rep-0201-0300.rds"
124,"standard",124,"sparse_loading","sparse",1,"me_2.5_effect_0.25",2.5,0.25,4,301,400,100,123,,,"paper/scripts/16_run_simulation_chunk.R","paper/output/full_run/chunks","sparse_loading__sparse__setting-1__rep-0301-0400.rds"
125,"standard",125,"sparse_loading","sparse",1,"me_2.5_effect_0.25",2.5,0.25,5,401,500,100,123,,,"paper/scripts/16_run_simulation_chunk.R","paper/output/full_run/chunks","sparse_loading__sparse__setting-1__rep-0401-0500.rds"
126,"standard",126,"sparse_loading","sparse",1,"me_2.5_effect_0.25",2.5,0.25,6,501,600,100,123,,,"paper/scripts/16_run_simulation_chunk.R","paper/output/full_run/chunks","sparse_loading__sparse__setting-1__rep-0501-0600.rds"
127,"standard",127,"sparse_loading","sparse",1,"me_2.5_effect_0.25",2.5,0.25,7,601,700,100,123,,,"paper/scripts/16_run_simulation_chunk.R","paper/output/full_run/chunks","sparse_loading__sparse__setting-1__rep-0601-0700.rds"
128,"standard",128,"sparse_loading","sparse",1,"me_2.5_effect_0.25",2.5,0.25,8,701,800,100,123,,,"paper/scripts/16_run_simulation_chunk.R","paper/output/full_run/chunks","sparse_loading__sparse__setting-1__rep-0701-0800.rds"
129,"standard",129,"sparse_loading","sparse",1,"me_2.5_effect_0.25",2.5,0.25,9,801,900,100,123,,,"paper/scripts/16_run_simulation_chunk.R","paper/output/full_run/chunks","sparse_loading__sparse__setting-1__rep-0801-0900.rds"
130,"standard",130,"sparse_loading","sparse",1,"me_2.5_effect_0.25",2.5,0.25,10,901,1000,100,123,,,"paper/scripts/16_run_simulation_chunk.R","paper/output/full_run/chunks","sparse_loading__sparse__setting-1__rep-0901-1000.rds"
131,"standard",131,"sparse_loading","sparse",2,"me_1_effect_0.25",1,0.25,1,1,100,100,123,,,"paper/scripts/16_run_simulation_chunk.R","paper/output/full_run/chunks","sparse_loading__sparse__setting-2__rep-0001-0100.rds"
132,"standard",132,"sparse_loading","sparse",2,"me_1_effect_0.25",1,0.25,2,101,200,100,123,,,"paper/scripts/16_run_simulation_chunk.R","paper/output/full_run/chunks","sparse_loading__sparse__setting-2__rep-0101-0200.rds"
133,"standard",133,"sparse_loading","sparse",2,"me_1_effect_0.25",1,0.25,3,201,300,100,123,,,"paper/scripts/16_run_simulation_chunk.R","paper/output/full_run/chunks","sparse_loading__sparse__setting-2__rep-0201-0300.rds"
134,"standard",134,"sparse_loading","sparse",2,"me_1_effect_0.25",1,0.25,4,301,400,100,123,,,"paper/scripts/16_run_simulation_chunk.R","paper/output/full_run/chunks","sparse_loading__sparse__setting-2__rep-0301-0400.rds"
135,"standard",135,"sparse_loading","sparse",2,"me_1_effect_0.25",1,0.25,5,401,500,100,123,,,"paper/scripts/16_run_simulation_chunk.R","paper/output/full_run/chunks","sparse_loading__sparse__setting-2__rep-0401-0500.rds"
136,"standard",136,"sparse_loading","sparse",2,"me_1_effect_0.25",1,0.25,6,501,600,100,123,,,"paper/scripts/16_run_simulation_chunk.R","paper/output/full_run/chunks","sparse_loading__sparse__setting-2__rep-0501-0600.rds"
137,"standard",137,"sparse_loading","sparse",2,"me_1_effect_0.25",1,0.25,7,601,700,100,123,,,"paper/scripts/16_run_simulation_chunk.R","paper/output/full_run/chunks","sparse_loading__sparse__setting-2__rep-0601-0700.rds"
138,"standard",138,"sparse_loading","sparse",2,"me_1_effect_0.25",1,0.25,8,701,800,100,123,,,"paper/scripts/16_run_simulation_chunk.R","paper/output/full_run/chunks","sparse_loading__sparse__setting-2__rep-0701-0800.rds"
139,"standard",139,"sparse_loading","sparse",2,"me_1_effect_0.25",1,0.25,9,801,900,100,123,,,"paper/scripts/16_run_simulation_chunk.R","paper/output/full_run/chunks","sparse_loading__sparse__setting-2__rep-0801-0900.rds"
140,"standard",140,"sparse_loading","sparse",2,"me_1_effect_0.25",1,0.25,10,901,1000,100,123,,,"paper/scripts/16_run_simulation_chunk.R","paper/output/full_run/chunks","sparse_loading__sparse__setting-2__rep-0901-1000.rds"
141,"standard",141,"sparse_loading","sparse",3,"me_2.5_effect_1",2.5,1,1,1,100,100,123,,,"paper/scripts/16_run_simulation_chunk.R","paper/output/full_run/chunks","sparse_loading__sparse__setting-3__rep-0001-0100.rds"
142,"standard",142,"sparse_loading","sparse",3,"me_2.5_effect_1",2.5,1,2,101,200,100,123,,,"paper/scripts/16_run_simulation_chunk.R","paper/output/full_run/chunks","sparse_loading__sparse__setting-3__rep-0101-0200.rds"
143,"standard",143,"sparse_loading","sparse",3,"me_2.5_effect_1",2.5,1,3,201,300,100,123,,,"paper/scripts/16_run_simulation_chunk.R","paper/output/full_run/chunks","sparse_loading__sparse__setting-3__rep-0201-0300.rds"
144,"standard",144,"sparse_loading","sparse",3,"me_2.5_effect_1",2.5,1,4,301,400,100,123,,,"paper/scripts/16_run_simulation_chunk.R","paper/output/full_run/chunks","sparse_loading__sparse__setting-3__rep-0301-0400.rds"
145,"standard",145,"sparse_loading","sparse",3,"me_2.5_effect_1",2.5,1,5,401,500,100,123,,,"paper/scripts/16_run_simulation_chunk.R","paper/output/full_run/chunks","sparse_loading__sparse__setting-3__rep-0401-0500.rds"
146,"standard",146,"sparse_loading","sparse",3,"me_2.5_effect_1",2.5,1,6,501,600,100,123,,,"paper/scripts/16_run_simulation_chunk.R","paper/output/full_run/chunks","sparse_loading__sparse__setting-3__rep-0501-0600.rds"
147,"standard",147,"sparse_loading","sparse",3,"me_2.5_effect_1",2.5,1,7,601,700,100,123,,,"paper/scripts/16_run_simulation_chunk.R","paper/output/full_run/chunks","sparse_loading__sparse__setting-3__rep-0601-0700.rds"
148,"standard",148,"sparse_loading","sparse",3,"me_2.5_effect_1",2.5,1,8,701,800,100,123,,,"paper/scripts/16_run_simulation_chunk.R","paper/output/full_run/chunks","sparse_loading__sparse__setting-3__rep-0701-0800.rds"
149,"standard",149,"sparse_loading","sparse",3,"me_2.5_effect_1",2.5,1,9,801,900,100,123,,,"paper/scripts/16_run_simulation_chunk.R","paper/output/full_run/chunks","sparse_loading__sparse__setting-3__rep-0801-0900.rds"
150,"standard",150,"sparse_loading","sparse",3,"me_2.5_effect_1",2.5,1,10,901,1000,100,123,,,"paper/scripts/16_run_simulation_chunk.R","paper/output/full_run/chunks","sparse_loading__sparse__setting-3__rep-0901-1000.rds"
151,"standard",151,"sparse_loading","sparse",4,"me_1_effect_1",1,1,1,1,100,100,123,,,"paper/scripts/16_run_simulation_chunk.R","paper/output/full_run/chunks","sparse_loading__sparse__setting-4__rep-0001-0100.rds"
152,"standard",152,"sparse_loading","sparse",4,"me_1_effect_1",1,1,2,101,200,100,123,,,"paper/scripts/16_run_simulation_chunk.R","paper/output/full_run/chunks","sparse_loading__sparse__setting-4__rep-0101-0200.rds"
153,"standard",153,"sparse_loading","sparse",4,"me_1_effect_1",1,1,3,201,300,100,123,,,"paper/scripts/16_run_simulation_chunk.R","paper/output/full_run/chunks","sparse_loading__sparse__setting-4__rep-0201-0300.rds"
154,"standard",154,"sparse_loading","sparse",4,"me_1_effect_1",1,1,4,301,400,100,123,,,"paper/scripts/16_run_simulation_chunk.R","paper/output/full_run/chunks","sparse_loading__sparse__setting-4__rep-0301-0400.rds"
155,"standard",155,"sparse_loading","sparse",4,"me_1_effect_1",1,1,5,401,500,100,123,,,"paper/scripts/16_run_simulation_chunk.R","paper/output/full_run/chunks","sparse_loading__sparse__setting-4__rep-0401-0500.rds"
156,"standard",156,"sparse_loading","sparse",4,"me_1_effect_1",1,1,6,501,600,100,123,,,"paper/scripts/16_run_simulation_chunk.R","paper/output/full_run/chunks","sparse_loading__sparse__setting-4__rep-0501-0600.rds"
157,"standard",157,"sparse_loading","sparse",4,"me_1_effect_1",1,1,7,601,700,100,123,,,"paper/scripts/16_run_simulation_chunk.R","paper/output/full_run/chunks","sparse_loading__sparse__setting-4__rep-0601-0700.rds"
158,"standard",158,"sparse_loading","sparse",4,"me_1_effect_1",1,1,8,701,800,100,123,,,"paper/scripts/16_run_simulation_chunk.R","paper/output/full_run/chunks","sparse_loading__sparse__setting-4__rep-0701-0800.rds"
159,"standard",159,"sparse_loading","sparse",4,"me_1_effect_1",1,1,9,801,900,100,123,,,"paper/scripts/16_run_simulation_chunk.R","paper/output/full_run/chunks","sparse_loading__sparse__setting-4__rep-0801-0900.rds"
160,"standard",160,"sparse_loading","sparse",4,"me_1_effect_1",1,1,10,901,1000,100,123,,,"paper/scripts/16_run_simulation_chunk.R","paper/output/full_run/chunks","sparse_loading__sparse__setting-4__rep-0901-1000.rds"
161,"mrdag",1,"generic_low_rank","main_mrdag",1,"me_2.5_effect_0.25",2.5,0.25,1,1,25,25,123,1000,200,"paper/scripts/16_run_simulation_chunk.R","paper/output/full_run/chunks","generic_low_rank__main_mrdag__setting-1__rep-0001-0025.rds"
162,"mrdag",2,"generic_low_rank","main_mrdag",1,"me_2.5_effect_0.25",2.5,0.25,2,26,50,25,123,1000,200,"paper/scripts/16_run_simulation_chunk.R","paper/output/full_run/chunks","generic_low_rank__main_mrdag__setting-1__rep-0026-0050.rds"
163,"mrdag",3,"generic_low_rank","main_mrdag",1,"me_2.5_effect_0.25",2.5,0.25,3,51,75,25,123,1000,200,"paper/scripts/16_run_simulation_chunk.R","paper/output/full_run/chunks","generic_low_rank__main_mrdag__setting-1__rep-0051-0075.rds"
164,"mrdag",4,"generic_low_rank","main_mrdag",1,"me_2.5_effect_0.25",2.5,0.25,4,76,100,25,123,1000,200,"paper/scripts/16_run_simulation_chunk.R","paper/output/full_run/chunks","generic_low_rank__main_mrdag__setting-1__rep-0076-0100.rds"
165,"mrdag",5,"generic_low_rank","main_mrdag",1,"me_2.5_effect_0.25",2.5,0.25,5,101,125,25,123,1000,200,"paper/scripts/16_run_simulation_chunk.R","paper/output/full_run/chunks","generic_low_rank__main_mrdag__setting-1__rep-0101-0125.rds"
166,"mrdag",6,"generic_low_rank","main_mrdag",1,"me_2.5_effect_0.25",2.5,0.25,6,126,150,25,123,1000,200,"paper/scripts/16_run_simulation_chunk.R","paper/output/full_run/chunks","generic_low_rank__main_mrdag__setting-1__rep-0126-0150.rds"
167,"mrdag",7,"generic_low_rank","main_mrdag",1,"me_2.5_effect_0.25",2.5,0.25,7,151,175,25,123,1000,200,"paper/scripts/16_run_simulation_chunk.R","paper/output/full_run/chunks","generic_low_rank__main_mrdag__setting-1__rep-0151-0175.rds"
168,"mrdag",8,"generic_low_rank","main_mrdag",1,"me_2.5_effect_0.25",2.5,0.25,8,176,200,25,123,1000,200,"paper/scripts/16_run_simulation_chunk.R","paper/output/full_run/chunks","generic_low_rank__main_mrdag__setting-1__rep-0176-0200.rds"
169,"mrdag",9,"generic_low_rank","main_mrdag",1,"me_2.5_effect_0.25",2.5,0.25,9,201,225,25,123,1000,200,"paper/scripts/16_run_simulation_chunk.R","paper/output/full_run/chunks","generic_low_rank__main_mrdag__setting-1__rep-0201-0225.rds"
170,"mrdag",10,"generic_low_rank","main_mrdag",1,"me_2.5_effect_0.25",2.5,0.25,10,226,250,25,123,1000,200,"paper/scripts/16_run_simulation_chunk.R","paper/output/full_run/chunks","generic_low_rank__main_mrdag__setting-1__rep-0226-0250.rds"
171,"mrdag",11,"generic_low_rank","main_mrdag",1,"me_2.5_effect_0.25",2.5,0.25,11,251,275,25,123,1000,200,"paper/scripts/16_run_simulation_chunk.R","paper/output/full_run/chunks","generic_low_rank__main_mrdag__setting-1__rep-0251-0275.rds"
172,"mrdag",12,"generic_low_rank","main_mrdag",1,"me_2.5_effect_0.25",2.5,0.25,12,276,300,25,123,1000,200,"paper/scripts/16_run_simulation_chunk.R","paper/output/full_run/chunks","generic_low_rank__main_mrdag__setting-1__rep-0276-0300.rds"
173,"mrdag",13,"generic_low_rank","main_mrdag",1,"me_2.5_effect_0.25",2.5,0.25,13,301,325,25,123,1000,200,"paper/scripts/16_run_simulation_chunk.R","paper/output/full_run/chunks","generic_low_rank__main_mrdag__setting-1__rep-0301-0325.rds"
174,"mrdag",14,"generic_low_rank","main_mrdag",1,"me_2.5_effect_0.25",2.5,0.25,14,326,350,25,123,1000,200,"paper/scripts/16_run_simulation_chunk.R","paper/output/full_run/chunks","generic_low_rank__main_mrdag__setting-1__rep-0326-0350.rds"
175,"mrdag",15,"generic_low_rank","main_mrdag",1,"me_2.5_effect_0.25",2.5,0.25,15,351,375,25,123,1000,200,"paper/scripts/16_run_simulation_chunk.R","paper/output/full_run/chunks","generic_low_rank__main_mrdag__setting-1__rep-0351-0375.rds"
176,"mrdag",16,"generic_low_rank","main_mrdag",1,"me_2.5_effect_0.25",2.5,0.25,16,376,400,25,123,1000,200,"paper/scripts/16_run_simulation_chunk.R","paper/output/full_run/chunks","generic_low_rank__main_mrdag__setting-1__rep-0376-0400.rds"
177,"mrdag",17,"generic_low_rank","main_mrdag",1,"me_2.5_effect_0.25",2.5,0.25,17,401,425,25,123,1000,200,"paper/scripts/16_run_simulation_chunk.R","paper/output/full_run/chunks","generic_low_rank__main_mrdag__setting-1__rep-0401-0425.rds"
178,"mrdag",18,"generic_low_rank","main_mrdag",1,"me_2.5_effect_0.25",2.5,0.25,18,426,450,25,123,1000,200,"paper/scripts/16_run_simulation_chunk.R","paper/output/full_run/chunks","generic_low_rank__main_mrdag__setting-1__rep-0426-0450.rds"
179,"mrdag",19,"generic_low_rank","main_mrdag",1,"me_2.5_effect_0.25",2.5,0.25,19,451,475,25,123,1000,200,"paper/scripts/16_run_simulation_chunk.R","paper/output/full_run/chunks","generic_low_rank__main_mrdag__setting-1__rep-0451-0475.rds"
180,"mrdag",20,"generic_low_rank","main_mrdag",1,"me_2.5_effect_0.25",2.5,0.25,20,476,500,25,123,1000,200,"paper/scripts/16_run_simulation_chunk.R","paper/output/full_run/chunks","generic_low_rank__main_mrdag__setting-1__rep-0476-0500.rds"
181,"mrdag",21,"generic_low_rank","main_mrdag",1,"me_2.5_effect_0.25",2.5,0.25,21,501,525,25,123,1000,200,"paper/scripts/16_run_simulation_chunk.R","paper/output/full_run/chunks","generic_low_rank__main_mrdag__setting-1__rep-0501-0525.rds"
182,"mrdag",22,"generic_low_rank","main_mrdag",1,"me_2.5_effect_0.25",2.5,0.25,22,526,550,25,123,1000,200,"paper/scripts/16_run_simulation_chunk.R","paper/output/full_run/chunks","generic_low_rank__main_mrdag__setting-1__rep-0526-0550.rds"
183,"mrdag",23,"generic_low_rank","main_mrdag",1,"me_2.5_effect_0.25",2.5,0.25,23,551,575,25,123,1000,200,"paper/scripts/16_run_simulation_chunk.R","paper/output/full_run/chunks","generic_low_rank__main_mrdag__setting-1__rep-0551-0575.rds"
184,"mrdag",24,"generic_low_rank","main_mrdag",1,"me_2.5_effect_0.25",2.5,0.25,24,576,600,25,123,1000,200,"paper/scripts/16_run_simulation_chunk.R","paper/output/full_run/chunks","generic_low_rank__main_mrdag__setting-1__rep-0576-0600.rds"
185,"mrdag",25,"generic_low_rank","main_mrdag",1,"me_2.5_effect_0.25",2.5,0.25,25,601,625,25,123,1000,200,"paper/scripts/16_run_simulation_chunk.R","paper/output/full_run/chunks","generic_low_rank__main_mrdag__setting-1__rep-0601-0625.rds"
186,"mrdag",26,"generic_low_rank","main_mrdag",1,"me_2.5_effect_0.25",2.5,0.25,26,626,650,25,123,1000,200,"paper/scripts/16_run_simulation_chunk.R","paper/output/full_run/chunks","generic_low_rank__main_mrdag__setting-1__rep-0626-0650.rds"
187,"mrdag",27,"generic_low_rank","main_mrdag",1,"me_2.5_effect_0.25",2.5,0.25,27,651,675,25,123,1000,200,"paper/scripts/16_run_simulation_chunk.R","paper/output/full_run/chunks","generic_low_rank__main_mrdag__setting-1__rep-0651-0675.rds"
188,"mrdag",28,"generic_low_rank","main_mrdag",1,"me_2.5_effect_0.25",2.5,0.25,28,676,700,25,123,1000,200,"paper/scripts/16_run_simulation_chunk.R","paper/output/full_run/chunks","generic_low_rank__main_mrdag__setting-1__rep-0676-0700.rds"
189,"mrdag",29,"generic_low_rank","main_mrdag",1,"me_2.5_effect_0.25",2.5,0.25,29,701,725,25,123,1000,200,"paper/scripts/16_run_simulation_chunk.R","paper/output/full_run/chunks","generic_low_rank__main_mrdag__setting-1__rep-0701-0725.rds"
190,"mrdag",30,"generic_low_rank","main_mrdag",1,"me_2.5_effect_0.25",2.5,0.25,30,726,750,25,123,1000,200,"paper/scripts/16_run_simulation_chunk.R","paper/output/full_run/chunks","generic_low_rank__main_mrdag__setting-1__rep-0726-0750.rds"
191,"mrdag",31,"generic_low_rank","main_mrdag",1,"me_2.5_effect_0.25",2.5,0.25,31,751,775,25,123,1000,200,"paper/scripts/16_run_simulation_chunk.R","paper/output/full_run/chunks","generic_low_rank__main_mrdag__setting-1__rep-0751-0775.rds"
192,"mrdag",32,"generic_low_rank","main_mrdag",1,"me_2.5_effect_0.25",2.5,0.25,32,776,800,25,123,1000,200,"paper/scripts/16_run_simulation_chunk.R","paper/output/full_run/chunks","generic_low_rank__main_mrdag__setting-1__rep-0776-0800.rds"
193,"mrdag",33,"generic_low_rank","main_mrdag",1,"me_2.5_effect_0.25",2.5,0.25,33,801,825,25,123,1000,200,"paper/scripts/16_run_simulation_chunk.R","paper/output/full_run/chunks","generic_low_rank__main_mrdag__setting-1__rep-0801-0825.rds"
194,"mrdag",34,"generic_low_rank","main_mrdag",1,"me_2.5_effect_0.25",2.5,0.25,34,826,850,25,123,1000,200,"paper/scripts/16_run_simulation_chunk.R","paper/output/full_run/chunks","generic_low_rank__main_mrdag__setting-1__rep-0826-0850.rds"
195,"mrdag",35,"generic_low_rank","main_mrdag",1,"me_2.5_effect_0.25",2.5,0.25,35,851,875,25,123,1000,200,"paper/scripts/16_run_simulation_chunk.R","paper/output/full_run/chunks","generic_low_rank__main_mrdag__setting-1__rep-0851-0875.rds"
196,"mrdag",36,"generic_low_rank","main_mrdag",1,"me_2.5_effect_0.25",2.5,0.25,36,876,900,25,123,1000,200,"paper/scripts/16_run_simulation_chunk.R","paper/output/full_run/chunks","generic_low_rank__main_mrdag__setting-1__rep-0876-0900.rds"
197,"mrdag",37,"generic_low_rank","main_mrdag",1,"me_2.5_effect_0.25",2.5,0.25,37,901,925,25,123,1000,200,"paper/scripts/16_run_simulation_chunk.R","paper/output/full_run/chunks","generic_low_rank__main_mrdag__setting-1__rep-0901-0925.rds"
198,"mrdag",38,"generic_low_rank","main_mrdag",1,"me_2.5_effect_0.25",2.5,0.25,38,926,950,25,123,1000,200,"paper/scripts/16_run_simulation_chunk.R","paper/output/full_run/chunks","generic_low_rank__main_mrdag__setting-1__rep-0926-0950.rds"
199,"mrdag",39,"generic_low_rank","main_mrdag",1,"me_2.5_effect_0.25",2.5,0.25,39,951,975,25,123,1000,200,"paper/scripts/16_run_simulation_chunk.R","paper/output/full_run/chunks","generic_low_rank__main_mrdag__setting-1__rep-0951-0975.rds"
200,"mrdag",40,"generic_low_rank","main_mrdag",1,"me_2.5_effect_0.25",2.5,0.25,40,976,1000,25,123,1000,200,"paper/scripts/16_run_simulation_chunk.R","paper/output/full_run/chunks","generic_low_rank__main_mrdag__setting-1__rep-0976-1000.rds"
201,"mrdag",41,"generic_low_rank","main_mrdag",2,"me_1_effect_0.25",1,0.25,1,1,25,25,123,1000,200,"paper/scripts/16_run_simulation_chunk.R","paper/output/full_run/chunks","generic_low_rank__main_mrdag__setting-2__rep-0001-0025.rds"
202,"mrdag",42,"generic_low_rank","main_mrdag",2,"me_1_effect_0.25",1,0.25,2,26,50,25,123,1000,200,"paper/scripts/16_run_simulation_chunk.R","paper/output/full_run/chunks","generic_low_rank__main_mrdag__setting-2__rep-0026-0050.rds"
203,"mrdag",43,"generic_low_rank","main_mrdag",2,"me_1_effect_0.25",1,0.25,3,51,75,25,123,1000,200,"paper/scripts/16_run_simulation_chunk.R","paper/output/full_run/chunks","generic_low_rank__main_mrdag__setting-2__rep-0051-0075.rds"
204,"mrdag",44,"generic_low_rank","main_mrdag",2,"me_1_effect_0.25",1,0.25,4,76,100,25,123,1000,200,"paper/scripts/16_run_simulation_chunk.R","paper/output/full_run/chunks","generic_low_rank__main_mrdag__setting-2__rep-0076-0100.rds"
205,"mrdag",45,"generic_low_rank","main_mrdag",2,"me_1_effect_0.25",1,0.25,5,101,125,25,123,1000,200,"paper/scripts/16_run_simulation_chunk.R","paper/output/full_run/chunks","generic_low_rank__main_mrdag__setting-2__rep-0101-0125.rds"
206,"mrdag",46,"generic_low_rank","main_mrdag",2,"me_1_effect_0.25",1,0.25,6,126,150,25,123,1000,200,"paper/scripts/16_run_simulation_chunk.R","paper/output/full_run/chunks","generic_low_rank__main_mrdag__setting-2__rep-0126-0150.rds"
207,"mrdag",47,"generic_low_rank","main_mrdag",2,"me_1_effect_0.25",1,0.25,7,151,175,25,123,1000,200,"paper/scripts/16_run_simulation_chunk.R","paper/output/full_run/chunks","generic_low_rank__main_mrdag__setting-2__rep-0151-0175.rds"
208,"mrdag",48,"generic_low_rank","main_mrdag",2,"me_1_effect_0.25",1,0.25,8,176,200,25,123,1000,200,"paper/scripts/16_run_simulation_chunk.R","paper/output/full_run/chunks","generic_low_rank__main_mrdag__setting-2__rep-0176-0200.rds"
209,"mrdag",49,"generic_low_rank","main_mrdag",2,"me_1_effect_0.25",1,0.25,9,201,225,25,123,1000,200,"paper/scripts/16_run_simulation_chunk.R","paper/output/full_run/chunks","generic_low_rank__main_mrdag__setting-2__rep-0201-0225.rds"
210,"mrdag",50,"generic_low_rank","main_mrdag",2,"me_1_effect_0.25",1,0.25,10,226,250,25,123,1000,200,"paper/scripts/16_run_simulation_chunk.R","paper/output/full_run/chunks","generic_low_rank__main_mrdag__setting-2__rep-0226-0250.rds"
211,"mrdag",51,"generic_low_rank","main_mrdag",2,"me_1_effect_0.25",1,0.25,11,251,275,25,123,1000,200,"paper/scripts/16_run_simulation_chunk.R","paper/output/full_run/chunks","generic_low_rank__main_mrdag__setting-2__rep-0251-0275.rds"
212,"mrdag",52,"generic_low_rank","main_mrdag",2,"me_1_effect_0.25",1,0.25,12,276,300,25,123,1000,200,"paper/scripts/16_run_simulation_chunk.R","paper/output/full_run/chunks","generic_low_rank__main_mrdag__setting-2__rep-0276-0300.rds"
213,"mrdag",53,"generic_low_rank","main_mrdag",2,"me_1_effect_0.25",1,0.25,13,301,325,25,123,1000,200,"paper/scripts/16_run_simulation_chunk.R","paper/output/full_run/chunks","generic_low_rank__main_mrdag__setting-2__rep-0301-0325.rds"
214,"mrdag",54,"generic_low_rank","main_mrdag",2,"me_1_effect_0.25",1,0.25,14,326,350,25,123,1000,200,"paper/scripts/16_run_simulation_chunk.R","paper/output/full_run/chunks","generic_low_rank__main_mrdag__setting-2__rep-0326-0350.rds"
215,"mrdag",55,"generic_low_rank","main_mrdag",2,"me_1_effect_0.25",1,0.25,15,351,375,25,123,1000,200,"paper/scripts/16_run_simulation_chunk.R","paper/output/full_run/chunks","generic_low_rank__main_mrdag__setting-2__rep-0351-0375.rds"
216,"mrdag",56,"generic_low_rank","main_mrdag",2,"me_1_effect_0.25",1,0.25,16,376,400,25,123,1000,200,"paper/scripts/16_run_simulation_chunk.R","paper/output/full_run/chunks","generic_low_rank__main_mrdag__setting-2__rep-0376-0400.rds"
217,"mrdag",57,"generic_low_rank","main_mrdag",2,"me_1_effect_0.25",1,0.25,17,401,425,25,123,1000,200,"paper/scripts/16_run_simulation_chunk.R","paper/output/full_run/chunks","generic_low_rank__main_mrdag__setting-2__rep-0401-0425.rds"
218,"mrdag",58,"generic_low_rank","main_mrdag",2,"me_1_effect_0.25",1,0.25,18,426,450,25,123,1000,200,"paper/scripts/16_run_simulation_chunk.R","paper/output/full_run/chunks","generic_low_rank__main_mrdag__setting-2__rep-0426-0450.rds"
219,"mrdag",59,"generic_low_rank","main_mrdag",2,"me_1_effect_0.25",1,0.25,19,451,475,25,123,1000,200,"paper/scripts/16_run_simulation_chunk.R","paper/output/full_run/chunks","generic_low_rank__main_mrdag__setting-2__rep-0451-0475.rds"
220,"mrdag",60,"generic_low_rank","main_mrdag",2,"me_1_effect_0.25",1,0.25,20,476,500,25,123,1000,200,"paper/scripts/16_run_simulation_chunk.R","paper/output/full_run/chunks","generic_low_rank__main_mrdag__setting-2__rep-0476-0500.rds"
221,"mrdag",61,"generic_low_rank","main_mrdag",2,"me_1_effect_0.25",1,0.25,21,501,525,25,123,1000,200,"paper/scripts/16_run_simulation_chunk.R","paper/output/full_run/chunks","generic_low_rank__main_mrdag__setting-2__rep-0501-0525.rds"
222,"mrdag",62,"generic_low_rank","main_mrdag",2,"me_1_effect_0.25",1,0.25,22,526,550,25,123,1000,200,"paper/scripts/16_run_simulation_chunk.R","paper/output/full_run/chunks","generic_low_rank__main_mrdag__setting-2__rep-0526-0550.rds"
223,"mrdag",63,"generic_low_rank","main_mrdag",2,"me_1_effect_0.25",1,0.25,23,551,575,25,123,1000,200,"paper/scripts/16_run_simulation_chunk.R","paper/output/full_run/chunks","generic_low_rank__main_mrdag__setting-2__rep-0551-0575.rds"
224,"mrdag",64,"generic_low_rank","main_mrdag",2,"me_1_effect_0.25",1,0.25,24,576,600,25,123,1000,200,"paper/scripts/16_run_simulation_chunk.R","paper/output/full_run/chunks","generic_low_rank__main_mrdag__setting-2__rep-0576-0600.rds"
225,"mrdag",65,"generic_low_rank","main_mrdag",2,"me_1_effect_0.25",1,0.25,25,601,625,25,123,1000,200,"paper/scripts/16_run_simulation_chunk.R","paper/output/full_run/chunks","generic_low_rank__main_mrdag__setting-2__rep-0601-0625.rds"
226,"mrdag",66,"generic_low_rank","main_mrdag",2,"me_1_effect_0.25",1,0.25,26,626,650,25,123,1000,200,"paper/scripts/16_run_simulation_chunk.R","paper/output/full_run/chunks","generic_low_rank__main_mrdag__setting-2__rep-0626-0650.rds"
227,"mrdag",67,"generic_low_rank","main_mrdag",2,"me_1_effect_0.25",1,0.25,27,651,675,25,123,1000,200,"paper/scripts/16_run_simulation_chunk.R","paper/output/full_run/chunks","generic_low_rank__main_mrdag__setting-2__rep-0651-0675.rds"
228,"mrdag",68,"generic_low_rank","main_mrdag",2,"me_1_effect_0.25",1,0.25,28,676,700,25,123,1000,200,"paper/scripts/16_run_simulation_chunk.R","paper/output/full_run/chunks","generic_low_rank__main_mrdag__setting-2__rep-0676-0700.rds"
229,"mrdag",69,"generic_low_rank","main_mrdag",2,"me_1_effect_0.25",1,0.25,29,701,725,25,123,1000,200,"paper/scripts/16_run_simulation_chunk.R","paper/output/full_run/chunks","generic_low_rank__main_mrdag__setting-2__rep-0701-0725.rds"
230,"mrdag",70,"generic_low_rank","main_mrdag",2,"me_1_effect_0.25",1,0.25,30,726,750,25,123,1000,200,"paper/scripts/16_run_simulation_chunk.R","paper/output/full_run/chunks","generic_low_rank__main_mrdag__setting-2__rep-0726-0750.rds"
231,"mrdag",71,"generic_low_rank","main_mrdag",2,"me_1_effect_0.25",1,0.25,31,751,775,25,123,1000,200,"paper/scripts/16_run_simulation_chunk.R","paper/output/full_run/chunks","generic_low_rank__main_mrdag__setting-2__rep-0751-0775.rds"
232,"mrdag",72,"generic_low_rank","main_mrdag",2,"me_1_effect_0.25",1,0.25,32,776,800,25,123,1000,200,"paper/scripts/16_run_simulation_chunk.R","paper/output/full_run/chunks","generic_low_rank__main_mrdag__setting-2__rep-0776-0800.rds"
233,"mrdag",73,"generic_low_rank","main_mrdag",2,"me_1_effect_0.25",1,0.25,33,801,825,25,123,1000,200,"paper/scripts/16_run_simulation_chunk.R","paper/output/full_run/chunks","generic_low_rank__main_mrdag__setting-2__rep-0801-0825.rds"
234,"mrdag",74,"generic_low_rank","main_mrdag",2,"me_1_effect_0.25",1,0.25,34,826,850,25,123,1000,200,"paper/scripts/16_run_simulation_chunk.R","paper/output/full_run/chunks","generic_low_rank__main_mrdag__setting-2__rep-0826-0850.rds"
235,"mrdag",75,"generic_low_rank","main_mrdag",2,"me_1_effect_0.25",1,0.25,35,851,875,25,123,1000,200,"paper/scripts/16_run_simulation_chunk.R","paper/output/full_run/chunks","generic_low_rank__main_mrdag__setting-2__rep-0851-0875.rds"
236,"mrdag",76,"generic_low_rank","main_mrdag",2,"me_1_effect_0.25",1,0.25,36,876,900,25,123,1000,200,"paper/scripts/16_run_simulation_chunk.R","paper/output/full_run/chunks","generic_low_rank__main_mrdag__setting-2__rep-0876-0900.rds"
237,"mrdag",77,"generic_low_rank","main_mrdag",2,"me_1_effect_0.25",1,0.25,37,901,925,25,123,1000,200,"paper/scripts/16_run_simulation_chunk.R","paper/output/full_run/chunks","generic_low_rank__main_mrdag__setting-2__rep-0901-0925.rds"
238,"mrdag",78,"generic_low_rank","main_mrdag",2,"me_1_effect_0.25",1,0.25,38,926,950,25,123,1000,200,"paper/scripts/16_run_simulation_chunk.R","paper/output/full_run/chunks","generic_low_rank__main_mrdag__setting-2__rep-0926-0950.rds"
239,"mrdag",79,"generic_low_rank","main_mrdag",2,"me_1_effect_0.25",1,0.25,39,951,975,25,123,1000,200,"paper/scripts/16_run_simulation_chunk.R","paper/output/full_run/chunks","generic_low_rank__main_mrdag__setting-2__rep-0951-0975.rds"
240,"mrdag",80,"generic_low_rank","main_mrdag",2,"me_1_effect_0.25",1,0.25,40,976,1000,25,123,1000,200,"paper/scripts/16_run_simulation_chunk.R","paper/output/full_run/chunks","generic_low_rank__main_mrdag__setting-2__rep-0976-1000.rds"
241,"mrdag",81,"generic_low_rank","main_mrdag",3,"me_2.5_effect_1",2.5,1,1,1,25,25,123,1000,200,"paper/scripts/16_run_simulation_chunk.R","paper/output/full_run/chunks","generic_low_rank__main_mrdag__setting-3__rep-0001-0025.rds"
242,"mrdag",82,"generic_low_rank","main_mrdag",3,"me_2.5_effect_1",2.5,1,2,26,50,25,123,1000,200,"paper/scripts/16_run_simulation_chunk.R","paper/output/full_run/chunks","generic_low_rank__main_mrdag__setting-3__rep-0026-0050.rds"
243,"mrdag",83,"generic_low_rank","main_mrdag",3,"me_2.5_effect_1",2.5,1,3,51,75,25,123,1000,200,"paper/scripts/16_run_simulation_chunk.R","paper/output/full_run/chunks","generic_low_rank__main_mrdag__setting-3__rep-0051-0075.rds"
244,"mrdag",84,"generic_low_rank","main_mrdag",3,"me_2.5_effect_1",2.5,1,4,76,100,25,123,1000,200,"paper/scripts/16_run_simulation_chunk.R","paper/output/full_run/chunks","generic_low_rank__main_mrdag__setting-3__rep-0076-0100.rds"
245,"mrdag",85,"generic_low_rank","main_mrdag",3,"me_2.5_effect_1",2.5,1,5,101,125,25,123,1000,200,"paper/scripts/16_run_simulation_chunk.R","paper/output/full_run/chunks","generic_low_rank__main_mrdag__setting-3__rep-0101-0125.rds"
246,"mrdag",86,"generic_low_rank","main_mrdag",3,"me_2.5_effect_1",2.5,1,6,126,150,25,123,1000,200,"paper/scripts/16_run_simulation_chunk.R","paper/output/full_run/chunks","generic_low_rank__main_mrdag__setting-3__rep-0126-0150.rds"
247,"mrdag",87,"generic_low_rank","main_mrdag",3,"me_2.5_effect_1",2.5,1,7,151,175,25,123,1000,200,"paper/scripts/16_run_simulation_chunk.R","paper/output/full_run/chunks","generic_low_rank__main_mrdag__setting-3__rep-0151-0175.rds"
248,"mrdag",88,"generic_low_rank","main_mrdag",3,"me_2.5_effect_1",2.5,1,8,176,200,25,123,1000,200,"paper/scripts/16_run_simulation_chunk.R","paper/output/full_run/chunks","generic_low_rank__main_mrdag__setting-3__rep-0176-0200.rds"
249,"mrdag",89,"generic_low_rank","main_mrdag",3,"me_2.5_effect_1",2.5,1,9,201,225,25,123,1000,200,"paper/scripts/16_run_simulation_chunk.R","paper/output/full_run/chunks","generic_low_rank__main_mrdag__setting-3__rep-0201-0225.rds"
250,"mrdag",90,"generic_low_rank","main_mrdag",3,"me_2.5_effect_1",2.5,1,10,226,250,25,123,1000,200,"paper/scripts/16_run_simulation_chunk.R","paper/output/full_run/chunks","generic_low_rank__main_mrdag__setting-3__rep-0226-0250.rds"
251,"mrdag",91,"generic_low_rank","main_mrdag",3,"me_2.5_effect_1",2.5,1,11,251,275,25,123,1000,200,"paper/scripts/16_run_simulation_chunk.R","paper/output/full_run/chunks","generic_low_rank__main_mrdag__setting-3__rep-0251-0275.rds"
252,"mrdag",92,"generic_low_rank","main_mrdag",3,"me_2.5_effect_1",2.5,1,12,276,300,25,123,1000,200,"paper/scripts/16_run_simulation_chunk.R","paper/output/full_run/chunks","generic_low_rank__main_mrdag__setting-3__rep-0276-0300.rds"
253,"mrdag",93,"generic_low_rank","main_mrdag",3,"me_2.5_effect_1",2.5,1,13,301,325,25,123,1000,200,"paper/scripts/16_run_simulation_chunk.R","paper/output/full_run/chunks","generic_low_rank__main_mrdag__setting-3__rep-0301-0325.rds"
254,"mrdag",94,"generic_low_rank","main_mrdag",3,"me_2.5_effect_1",2.5,1,14,326,350,25,123,1000,200,"paper/scripts/16_run_simulation_chunk.R","paper/output/full_run/chunks","generic_low_rank__main_mrdag__setting-3__rep-0326-0350.rds"
255,"mrdag",95,"generic_low_rank","main_mrdag",3,"me_2.5_effect_1",2.5,1,15,351,375,25,123,1000,200,"paper/scripts/16_run_simulation_chunk.R","paper/output/full_run/chunks","generic_low_rank__main_mrdag__setting-3__rep-0351-0375.rds"
256,"mrdag",96,"generic_low_rank","main_mrdag",3,"me_2.5_effect_1",2.5,1,16,376,400,25,123,1000,200,"paper/scripts/16_run_simulation_chunk.R","paper/output/full_run/chunks","generic_low_rank__main_mrdag__setting-3__rep-0376-0400.rds"
257,"mrdag",97,"generic_low_rank","main_mrdag",3,"me_2.5_effect_1",2.5,1,17,401,425,25,123,1000,200,"paper/scripts/16_run_simulation_chunk.R","paper/output/full_run/chunks","generic_low_rank__main_mrdag__setting-3__rep-0401-0425.rds"
258,"mrdag",98,"generic_low_rank","main_mrdag",3,"me_2.5_effect_1",2.5,1,18,426,450,25,123,1000,200,"paper/scripts/16_run_simulation_chunk.R","paper/output/full_run/chunks","generic_low_rank__main_mrdag__setting-3__rep-0426-0450.rds"
259,"mrdag",99,"generic_low_rank","main_mrdag",3,"me_2.5_effect_1",2.5,1,19,451,475,25,123,1000,200,"paper/scripts/16_run_simulation_chunk.R","paper/output/full_run/chunks","generic_low_rank__main_mrdag__setting-3__rep-0451-0475.rds"
260,"mrdag",100,"generic_low_rank","main_mrdag",3,"me_2.5_effect_1",2.5,1,20,476,500,25,123,1000,200,"paper/scripts/16_run_simulation_chunk.R","paper/output/full_run/chunks","generic_low_rank__main_mrdag__setting-3__rep-0476-0500.rds"
261,"mrdag",101,"generic_low_rank","main_mrdag",3,"me_2.5_effect_1",2.5,1,21,501,525,25,123,1000,200,"paper/scripts/16_run_simulation_chunk.R","paper/output/full_run/chunks","generic_low_rank__main_mrdag__setting-3__rep-0501-0525.rds"
262,"mrdag",102,"generic_low_rank","main_mrdag",3,"me_2.5_effect_1",2.5,1,22,526,550,25,123,1000,200,"paper/scripts/16_run_simulation_chunk.R","paper/output/full_run/chunks","generic_low_rank__main_mrdag__setting-3__rep-0526-0550.rds"
263,"mrdag",103,"generic_low_rank","main_mrdag",3,"me_2.5_effect_1",2.5,1,23,551,575,25,123,1000,200,"paper/scripts/16_run_simulation_chunk.R","paper/output/full_run/chunks","generic_low_rank__main_mrdag__setting-3__rep-0551-0575.rds"
264,"mrdag",104,"generic_low_rank","main_mrdag",3,"me_2.5_effect_1",2.5,1,24,576,600,25,123,1000,200,"paper/scripts/16_run_simulation_chunk.R","paper/output/full_run/chunks","generic_low_rank__main_mrdag__setting-3__rep-0576-0600.rds"
265,"mrdag",105,"generic_low_rank","main_mrdag",3,"me_2.5_effect_1",2.5,1,25,601,625,25,123,1000,200,"paper/scripts/16_run_simulation_chunk.R","paper/output/full_run/chunks","generic_low_rank__main_mrdag__setting-3__rep-0601-0625.rds"
266,"mrdag",106,"generic_low_rank","main_mrdag",3,"me_2.5_effect_1",2.5,1,26,626,650,25,123,1000,200,"paper/scripts/16_run_simulation_chunk.R","paper/output/full_run/chunks","generic_low_rank__main_mrdag__setting-3__rep-0626-0650.rds"
267,"mrdag",107,"generic_low_rank","main_mrdag",3,"me_2.5_effect_1",2.5,1,27,651,675,25,123,1000,200,"paper/scripts/16_run_simulation_chunk.R","paper/output/full_run/chunks","generic_low_rank__main_mrdag__setting-3__rep-0651-0675.rds"
268,"mrdag",108,"generic_low_rank","main_mrdag",3,"me_2.5_effect_1",2.5,1,28,676,700,25,123,1000,200,"paper/scripts/16_run_simulation_chunk.R","paper/output/full_run/chunks","generic_low_rank__main_mrdag__setting-3__rep-0676-0700.rds"
269,"mrdag",109,"generic_low_rank","main_mrdag",3,"me_2.5_effect_1",2.5,1,29,701,725,25,123,1000,200,"paper/scripts/16_run_simulation_chunk.R","paper/output/full_run/chunks","generic_low_rank__main_mrdag__setting-3__rep-0701-0725.rds"
270,"mrdag",110,"generic_low_rank","main_mrdag",3,"me_2.5_effect_1",2.5,1,30,726,750,25,123,1000,200,"paper/scripts/16_run_simulation_chunk.R","paper/output/full_run/chunks","generic_low_rank__main_mrdag__setting-3__rep-0726-0750.rds"
271,"mrdag",111,"generic_low_rank","main_mrdag",3,"me_2.5_effect_1",2.5,1,31,751,775,25,123,1000,200,"paper/scripts/16_run_simulation_chunk.R","paper/output/full_run/chunks","generic_low_rank__main_mrdag__setting-3__rep-0751-0775.rds"
272,"mrdag",112,"generic_low_rank","main_mrdag",3,"me_2.5_effect_1",2.5,1,32,776,800,25,123,1000,200,"paper/scripts/16_run_simulation_chunk.R","paper/output/full_run/chunks","generic_low_rank__main_mrdag__setting-3__rep-0776-0800.rds"
273,"mrdag",113,"generic_low_rank","main_mrdag",3,"me_2.5_effect_1",2.5,1,33,801,825,25,123,1000,200,"paper/scripts/16_run_simulation_chunk.R","paper/output/full_run/chunks","generic_low_rank__main_mrdag__setting-3__rep-0801-0825.rds"
274,"mrdag",114,"generic_low_rank","main_mrdag",3,"me_2.5_effect_1",2.5,1,34,826,850,25,123,1000,200,"paper/scripts/16_run_simulation_chunk.R","paper/output/full_run/chunks","generic_low_rank__main_mrdag__setting-3__rep-0826-0850.rds"
275,"mrdag",115,"generic_low_rank","main_mrdag",3,"me_2.5_effect_1",2.5,1,35,851,875,25,123,1000,200,"paper/scripts/16_run_simulation_chunk.R","paper/output/full_run/chunks","generic_low_rank__main_mrdag__setting-3__rep-0851-0875.rds"
276,"mrdag",116,"generic_low_rank","main_mrdag",3,"me_2.5_effect_1",2.5,1,36,876,900,25,123,1000,200,"paper/scripts/16_run_simulation_chunk.R","paper/output/full_run/chunks","generic_low_rank__main_mrdag__setting-3__rep-0876-0900.rds"
277,"mrdag",117,"generic_low_rank","main_mrdag",3,"me_2.5_effect_1",2.5,1,37,901,925,25,123,1000,200,"paper/scripts/16_run_simulation_chunk.R","paper/output/full_run/chunks","generic_low_rank__main_mrdag__setting-3__rep-0901-0925.rds"
278,"mrdag",118,"generic_low_rank","main_mrdag",3,"me_2.5_effect_1",2.5,1,38,926,950,25,123,1000,200,"paper/scripts/16_run_simulation_chunk.R","paper/output/full_run/chunks","generic_low_rank__main_mrdag__setting-3__rep-0926-0950.rds"
279,"mrdag",119,"generic_low_rank","main_mrdag",3,"me_2.5_effect_1",2.5,1,39,951,975,25,123,1000,200,"paper/scripts/16_run_simulation_chunk.R","paper/output/full_run/chunks","generic_low_rank__main_mrdag__setting-3__rep-0951-0975.rds"
280,"mrdag",120,"generic_low_rank","main_mrdag",3,"me_2.5_effect_1",2.5,1,40,976,1000,25,123,1000,200,"paper/scripts/16_run_simulation_chunk.R","paper/output/full_run/chunks","generic_low_rank__main_mrdag__setting-3__rep-0976-1000.rds"
281,"mrdag",121,"generic_low_rank","main_mrdag",4,"me_1_effect_1",1,1,1,1,25,25,123,1000,200,"paper/scripts/16_run_simulation_chunk.R","paper/output/full_run/chunks","generic_low_rank__main_mrdag__setting-4__rep-0001-0025.rds"
282,"mrdag",122,"generic_low_rank","main_mrdag",4,"me_1_effect_1",1,1,2,26,50,25,123,1000,200,"paper/scripts/16_run_simulation_chunk.R","paper/output/full_run/chunks","generic_low_rank__main_mrdag__setting-4__rep-0026-0050.rds"
283,"mrdag",123,"generic_low_rank","main_mrdag",4,"me_1_effect_1",1,1,3,51,75,25,123,1000,200,"paper/scripts/16_run_simulation_chunk.R","paper/output/full_run/chunks","generic_low_rank__main_mrdag__setting-4__rep-0051-0075.rds"
284,"mrdag",124,"generic_low_rank","main_mrdag",4,"me_1_effect_1",1,1,4,76,100,25,123,1000,200,"paper/scripts/16_run_simulation_chunk.R","paper/output/full_run/chunks","generic_low_rank__main_mrdag__setting-4__rep-0076-0100.rds"
285,"mrdag",125,"generic_low_rank","main_mrdag",4,"me_1_effect_1",1,1,5,101,125,25,123,1000,200,"paper/scripts/16_run_simulation_chunk.R","paper/output/full_run/chunks","generic_low_rank__main_mrdag__setting-4__rep-0101-0125.rds"
286,"mrdag",126,"generic_low_rank","main_mrdag",4,"me_1_effect_1",1,1,6,126,150,25,123,1000,200,"paper/scripts/16_run_simulation_chunk.R","paper/output/full_run/chunks","generic_low_rank__main_mrdag__setting-4__rep-0126-0150.rds"
287,"mrdag",127,"generic_low_rank","main_mrdag",4,"me_1_effect_1",1,1,7,151,175,25,123,1000,200,"paper/scripts/16_run_simulation_chunk.R","paper/output/full_run/chunks","generic_low_rank__main_mrdag__setting-4__rep-0151-0175.rds"
288,"mrdag",128,"generic_low_rank","main_mrdag",4,"me_1_effect_1",1,1,8,176,200,25,123,1000,200,"paper/scripts/16_run_simulation_chunk.R","paper/output/full_run/chunks","generic_low_rank__main_mrdag__setting-4__rep-0176-0200.rds"
289,"mrdag",129,"generic_low_rank","main_mrdag",4,"me_1_effect_1",1,1,9,201,225,25,123,1000,200,"paper/scripts/16_run_simulation_chunk.R","paper/output/full_run/chunks","generic_low_rank__main_mrdag__setting-4__rep-0201-0225.rds"
290,"mrdag",130,"generic_low_rank","main_mrdag",4,"me_1_effect_1",1,1,10,226,250,25,123,1000,200,"paper/scripts/16_run_simulation_chunk.R","paper/output/full_run/chunks","generic_low_rank__main_mrdag__setting-4__rep-0226-0250.rds"
291,"mrdag",131,"generic_low_rank","main_mrdag",4,"me_1_effect_1",1,1,11,251,275,25,123,1000,200,"paper/scripts/16_run_simulation_chunk.R","paper/output/full_run/chunks","generic_low_rank__main_mrdag__setting-4__rep-0251-0275.rds"
292,"mrdag",132,"generic_low_rank","main_mrdag",4,"me_1_effect_1",1,1,12,276,300,25,123,1000,200,"paper/scripts/16_run_simulation_chunk.R","paper/output/full_run/chunks","generic_low_rank__main_mrdag__setting-4__rep-0276-0300.rds"
293,"mrdag",133,"generic_low_rank","main_mrdag",4,"me_1_effect_1",1,1,13,301,325,25,123,1000,200,"paper/scripts/16_run_simulation_chunk.R","paper/output/full_run/chunks","generic_low_rank__main_mrdag__setting-4__rep-0301-0325.rds"
294,"mrdag",134,"generic_low_rank","main_mrdag",4,"me_1_effect_1",1,1,14,326,350,25,123,1000,200,"paper/scripts/16_run_simulation_chunk.R","paper/output/full_run/chunks","generic_low_rank__main_mrdag__setting-4__rep-0326-0350.rds"
295,"mrdag",135,"generic_low_rank","main_mrdag",4,"me_1_effect_1",1,1,15,351,375,25,123,1000,200,"paper/scripts/16_run_simulation_chunk.R","paper/output/full_run/chunks","generic_low_rank__main_mrdag__setting-4__rep-0351-0375.rds"
296,"mrdag",136,"generic_low_rank","main_mrdag",4,"me_1_effect_1",1,1,16,376,400,25,123,1000,200,"paper/scripts/16_run_simulation_chunk.R","paper/output/full_run/chunks","generic_low_rank__main_mrdag__setting-4__rep-0376-0400.rds"
297,"mrdag",137,"generic_low_rank","main_mrdag",4,"me_1_effect_1",1,1,17,401,425,25,123,1000,200,"paper/scripts/16_run_simulation_chunk.R","paper/output/full_run/chunks","generic_low_rank__main_mrdag__setting-4__rep-0401-0425.rds"
298,"mrdag",138,"generic_low_rank","main_mrdag",4,"me_1_effect_1",1,1,18,426,450,25,123,1000,200,"paper/scripts/16_run_simulation_chunk.R","paper/output/full_run/chunks","generic_low_rank__main_mrdag__setting-4__rep-0426-0450.rds"
299,"mrdag",139,"generic_low_rank","main_mrdag",4,"me_1_effect_1",1,1,19,451,475,25,123,1000,200,"paper/scripts/16_run_simulation_chunk.R","paper/output/full_run/chunks","generic_low_rank__main_mrdag__setting-4__rep-0451-0475.rds"
300,"mrdag",140,"generic_low_rank","main_mrdag",4,"me_1_effect_1",1,1,20,476,500,25,123,1000,200,"paper/scripts/16_run_simulation_chunk.R","paper/output/full_run/chunks","generic_low_rank__main_mrdag__setting-4__rep-0476-0500.rds"
301,"mrdag",141,"generic_low_rank","main_mrdag",4,"me_1_effect_1",1,1,21,501,525,25,123,1000,200,"paper/scripts/16_run_simulation_chunk.R","paper/output/full_run/chunks","generic_low_rank__main_mrdag__setting-4__rep-0501-0525.rds"
302,"mrdag",142,"generic_low_rank","main_mrdag",4,"me_1_effect_1",1,1,22,526,550,25,123,1000,200,"paper/scripts/16_run_simulation_chunk.R","paper/output/full_run/chunks","generic_low_rank__main_mrdag__setting-4__rep-0526-0550.rds"
303,"mrdag",143,"generic_low_rank","main_mrdag",4,"me_1_effect_1",1,1,23,551,575,25,123,1000,200,"paper/scripts/16_run_simulation_chunk.R","paper/output/full_run/chunks","generic_low_rank__main_mrdag__setting-4__rep-0551-0575.rds"
304,"mrdag",144,"generic_low_rank","main_mrdag",4,"me_1_effect_1",1,1,24,576,600,25,123,1000,200,"paper/scripts/16_run_simulation_chunk.R","paper/output/full_run/chunks","generic_low_rank__main_mrdag__setting-4__rep-0576-0600.rds"
305,"mrdag",145,"generic_low_rank","main_mrdag",4,"me_1_effect_1",1,1,25,601,625,25,123,1000,200,"paper/scripts/16_run_simulation_chunk.R","paper/output/full_run/chunks","generic_low_rank__main_mrdag__setting-4__rep-0601-0625.rds"
306,"mrdag",146,"generic_low_rank","main_mrdag",4,"me_1_effect_1",1,1,26,626,650,25,123,1000,200,"paper/scripts/16_run_simulation_chunk.R","paper/output/full_run/chunks","generic_low_rank__main_mrdag__setting-4__rep-0626-0650.rds"
307,"mrdag",147,"generic_low_rank","main_mrdag",4,"me_1_effect_1",1,1,27,651,675,25,123,1000,200,"paper/scripts/16_run_simulation_chunk.R","paper/output/full_run/chunks","generic_low_rank__main_mrdag__setting-4__rep-0651-0675.rds"
308,"mrdag",148,"generic_low_rank","main_mrdag",4,"me_1_effect_1",1,1,28,676,700,25,123,1000,200,"paper/scripts/16_run_simulation_chunk.R","paper/output/full_run/chunks","generic_low_rank__main_mrdag__setting-4__rep-0676-0700.rds"
309,"mrdag",149,"generic_low_rank","main_mrdag",4,"me_1_effect_1",1,1,29,701,725,25,123,1000,200,"paper/scripts/16_run_simulation_chunk.R","paper/output/full_run/chunks","generic_low_rank__main_mrdag__setting-4__rep-0701-0725.rds"
310,"mrdag",150,"generic_low_rank","main_mrdag",4,"me_1_effect_1",1,1,30,726,750,25,123,1000,200,"paper/scripts/16_run_simulation_chunk.R","paper/output/full_run/chunks","generic_low_rank__main_mrdag__setting-4__rep-0726-0750.rds"
311,"mrdag",151,"generic_low_rank","main_mrdag",4,"me_1_effect_1",1,1,31,751,775,25,123,1000,200,"paper/scripts/16_run_simulation_chunk.R","paper/output/full_run/chunks","generic_low_rank__main_mrdag__setting-4__rep-0751-0775.rds"
312,"mrdag",152,"generic_low_rank","main_mrdag",4,"me_1_effect_1",1,1,32,776,800,25,123,1000,200,"paper/scripts/16_run_simulation_chunk.R","paper/output/full_run/chunks","generic_low_rank__main_mrdag__setting-4__rep-0776-0800.rds"
313,"mrdag",153,"generic_low_rank","main_mrdag",4,"me_1_effect_1",1,1,33,801,825,25,123,1000,200,"paper/scripts/16_run_simulation_chunk.R","paper/output/full_run/chunks","generic_low_rank__main_mrdag__setting-4__rep-0801-0825.rds"
314,"mrdag",154,"generic_low_rank","main_mrdag",4,"me_1_effect_1",1,1,34,826,850,25,123,1000,200,"paper/scripts/16_run_simulation_chunk.R","paper/output/full_run/chunks","generic_low_rank__main_mrdag__setting-4__rep-0826-0850.rds"
315,"mrdag",155,"generic_low_rank","main_mrdag",4,"me_1_effect_1",1,1,35,851,875,25,123,1000,200,"paper/scripts/16_run_simulation_chunk.R","paper/output/full_run/chunks","generic_low_rank__main_mrdag__setting-4__rep-0851-0875.rds"
316,"mrdag",156,"generic_low_rank","main_mrdag",4,"me_1_effect_1",1,1,36,876,900,25,123,1000,200,"paper/scripts/16_run_simulation_chunk.R","paper/output/full_run/chunks","generic_low_rank__main_mrdag__setting-4__rep-0876-0900.rds"
317,"mrdag",157,"generic_low_rank","main_mrdag",4,"me_1_effect_1",1,1,37,901,925,25,123,1000,200,"paper/scripts/16_run_simulation_chunk.R","paper/output/full_run/chunks","generic_low_rank__main_mrdag__setting-4__rep-0901-0925.rds"
318,"mrdag",158,"generic_low_rank","main_mrdag",4,"me_1_effect_1",1,1,38,926,950,25,123,1000,200,"paper/scripts/16_run_simulation_chunk.R","paper/output/full_run/chunks","generic_low_rank__main_mrdag__setting-4__rep-0926-0950.rds"
319,"mrdag",159,"generic_low_rank","main_mrdag",4,"me_1_effect_1",1,1,39,951,975,25,123,1000,200,"paper/scripts/16_run_simulation_chunk.R","paper/output/full_run/chunks","generic_low_rank__main_mrdag__setting-4__rep-0951-0975.rds"
320,"mrdag",160,"generic_low_rank","main_mrdag",4,"me_1_effect_1",1,1,40,976,1000,25,123,1000,200,"paper/scripts/16_run_simulation_chunk.R","paper/output/full_run/chunks","generic_low_rank__main_mrdag__setting-4__rep-0976-1000.rds"
321,"mrdag",161,"sparse_loading","main_mrdag",1,"me_2.5_effect_0.25",2.5,0.25,1,1,25,25,123,1000,200,"paper/scripts/16_run_simulation_chunk.R","paper/output/full_run/chunks","sparse_loading__main_mrdag__setting-1__rep-0001-0025.rds"
322,"mrdag",162,"sparse_loading","main_mrdag",1,"me_2.5_effect_0.25",2.5,0.25,2,26,50,25,123,1000,200,"paper/scripts/16_run_simulation_chunk.R","paper/output/full_run/chunks","sparse_loading__main_mrdag__setting-1__rep-0026-0050.rds"
323,"mrdag",163,"sparse_loading","main_mrdag",1,"me_2.5_effect_0.25",2.5,0.25,3,51,75,25,123,1000,200,"paper/scripts/16_run_simulation_chunk.R","paper/output/full_run/chunks","sparse_loading__main_mrdag__setting-1__rep-0051-0075.rds"
324,"mrdag",164,"sparse_loading","main_mrdag",1,"me_2.5_effect_0.25",2.5,0.25,4,76,100,25,123,1000,200,"paper/scripts/16_run_simulation_chunk.R","paper/output/full_run/chunks","sparse_loading__main_mrdag__setting-1__rep-0076-0100.rds"
325,"mrdag",165,"sparse_loading","main_mrdag",1,"me_2.5_effect_0.25",2.5,0.25,5,101,125,25,123,1000,200,"paper/scripts/16_run_simulation_chunk.R","paper/output/full_run/chunks","sparse_loading__main_mrdag__setting-1__rep-0101-0125.rds"
326,"mrdag",166,"sparse_loading","main_mrdag",1,"me_2.5_effect_0.25",2.5,0.25,6,126,150,25,123,1000,200,"paper/scripts/16_run_simulation_chunk.R","paper/output/full_run/chunks","sparse_loading__main_mrdag__setting-1__rep-0126-0150.rds"
327,"mrdag",167,"sparse_loading","main_mrdag",1,"me_2.5_effect_0.25",2.5,0.25,7,151,175,25,123,1000,200,"paper/scripts/16_run_simulation_chunk.R","paper/output/full_run/chunks","sparse_loading__main_mrdag__setting-1__rep-0151-0175.rds"
328,"mrdag",168,"sparse_loading","main_mrdag",1,"me_2.5_effect_0.25",2.5,0.25,8,176,200,25,123,1000,200,"paper/scripts/16_run_simulation_chunk.R","paper/output/full_run/chunks","sparse_loading__main_mrdag__setting-1__rep-0176-0200.rds"
329,"mrdag",169,"sparse_loading","main_mrdag",1,"me_2.5_effect_0.25",2.5,0.25,9,201,225,25,123,1000,200,"paper/scripts/16_run_simulation_chunk.R","paper/output/full_run/chunks","sparse_loading__main_mrdag__setting-1__rep-0201-0225.rds"
330,"mrdag",170,"sparse_loading","main_mrdag",1,"me_2.5_effect_0.25",2.5,0.25,10,226,250,25,123,1000,200,"paper/scripts/16_run_simulation_chunk.R","paper/output/full_run/chunks","sparse_loading__main_mrdag__setting-1__rep-0226-0250.rds"
331,"mrdag",171,"sparse_loading","main_mrdag",1,"me_2.5_effect_0.25",2.5,0.25,11,251,275,25,123,1000,200,"paper/scripts/16_run_simulation_chunk.R","paper/output/full_run/chunks","sparse_loading__main_mrdag__setting-1__rep-0251-0275.rds"
332,"mrdag",172,"sparse_loading","main_mrdag",1,"me_2.5_effect_0.25",2.5,0.25,12,276,300,25,123,1000,200,"paper/scripts/16_run_simulation_chunk.R","paper/output/full_run/chunks","sparse_loading__main_mrdag__setting-1__rep-0276-0300.rds"
333,"mrdag",173,"sparse_loading","main_mrdag",1,"me_2.5_effect_0.25",2.5,0.25,13,301,325,25,123,1000,200,"paper/scripts/16_run_simulation_chunk.R","paper/output/full_run/chunks","sparse_loading__main_mrdag__setting-1__rep-0301-0325.rds"
334,"mrdag",174,"sparse_loading","main_mrdag",1,"me_2.5_effect_0.25",2.5,0.25,14,326,350,25,123,1000,200,"paper/scripts/16_run_simulation_chunk.R","paper/output/full_run/chunks","sparse_loading__main_mrdag__setting-1__rep-0326-0350.rds"
335,"mrdag",175,"sparse_loading","main_mrdag",1,"me_2.5_effect_0.25",2.5,0.25,15,351,375,25,123,1000,200,"paper/scripts/16_run_simulation_chunk.R","paper/output/full_run/chunks","sparse_loading__main_mrdag__setting-1__rep-0351-0375.rds"
336,"mrdag",176,"sparse_loading","main_mrdag",1,"me_2.5_effect_0.25",2.5,0.25,16,376,400,25,123,1000,200,"paper/scripts/16_run_simulation_chunk.R","paper/output/full_run/chunks","sparse_loading__main_mrdag__setting-1__rep-0376-0400.rds"
337,"mrdag",177,"sparse_loading","main_mrdag",1,"me_2.5_effect_0.25",2.5,0.25,17,401,425,25,123,1000,200,"paper/scripts/16_run_simulation_chunk.R","paper/output/full_run/chunks","sparse_loading__main_mrdag__setting-1__rep-0401-0425.rds"
338,"mrdag",178,"sparse_loading","main_mrdag",1,"me_2.5_effect_0.25",2.5,0.25,18,426,450,25,123,1000,200,"paper/scripts/16_run_simulation_chunk.R","paper/output/full_run/chunks","sparse_loading__main_mrdag__setting-1__rep-0426-0450.rds"
339,"mrdag",179,"sparse_loading","main_mrdag",1,"me_2.5_effect_0.25",2.5,0.25,19,451,475,25,123,1000,200,"paper/scripts/16_run_simulation_chunk.R","paper/output/full_run/chunks","sparse_loading__main_mrdag__setting-1__rep-0451-0475.rds"
340,"mrdag",180,"sparse_loading","main_mrdag",1,"me_2.5_effect_0.25",2.5,0.25,20,476,500,25,123,1000,200,"paper/scripts/16_run_simulation_chunk.R","paper/output/full_run/chunks","sparse_loading__main_mrdag__setting-1__rep-0476-0500.rds"
341,"mrdag",181,"sparse_loading","main_mrdag",1,"me_2.5_effect_0.25",2.5,0.25,21,501,525,25,123,1000,200,"paper/scripts/16_run_simulation_chunk.R","paper/output/full_run/chunks","sparse_loading__main_mrdag__setting-1__rep-0501-0525.rds"
342,"mrdag",182,"sparse_loading","main_mrdag",1,"me_2.5_effect_0.25",2.5,0.25,22,526,550,25,123,1000,200,"paper/scripts/16_run_simulation_chunk.R","paper/output/full_run/chunks","sparse_loading__main_mrdag__setting-1__rep-0526-0550.rds"
343,"mrdag",183,"sparse_loading","main_mrdag",1,"me_2.5_effect_0.25",2.5,0.25,23,551,575,25,123,1000,200,"paper/scripts/16_run_simulation_chunk.R","paper/output/full_run/chunks","sparse_loading__main_mrdag__setting-1__rep-0551-0575.rds"
344,"mrdag",184,"sparse_loading","main_mrdag",1,"me_2.5_effect_0.25",2.5,0.25,24,576,600,25,123,1000,200,"paper/scripts/16_run_simulation_chunk.R","paper/output/full_run/chunks","sparse_loading__main_mrdag__setting-1__rep-0576-0600.rds"
345,"mrdag",185,"sparse_loading","main_mrdag",1,"me_2.5_effect_0.25",2.5,0.25,25,601,625,25,123,1000,200,"paper/scripts/16_run_simulation_chunk.R","paper/output/full_run/chunks","sparse_loading__main_mrdag__setting-1__rep-0601-0625.rds"
346,"mrdag",186,"sparse_loading","main_mrdag",1,"me_2.5_effect_0.25",2.5,0.25,26,626,650,25,123,1000,200,"paper/scripts/16_run_simulation_chunk.R","paper/output/full_run/chunks","sparse_loading__main_mrdag__setting-1__rep-0626-0650.rds"
347,"mrdag",187,"sparse_loading","main_mrdag",1,"me_2.5_effect_0.25",2.5,0.25,27,651,675,25,123,1000,200,"paper/scripts/16_run_simulation_chunk.R","paper/output/full_run/chunks","sparse_loading__main_mrdag__setting-1__rep-0651-0675.rds"
348,"mrdag",188,"sparse_loading","main_mrdag",1,"me_2.5_effect_0.25",2.5,0.25,28,676,700,25,123,1000,200,"paper/scripts/16_run_simulation_chunk.R","paper/output/full_run/chunks","sparse_loading__main_mrdag__setting-1__rep-0676-0700.rds"
349,"mrdag",189,"sparse_loading","main_mrdag",1,"me_2.5_effect_0.25",2.5,0.25,29,701,725,25,123,1000,200,"paper/scripts/16_run_simulation_chunk.R","paper/output/full_run/chunks","sparse_loading__main_mrdag__setting-1__rep-0701-0725.rds"
350,"mrdag",190,"sparse_loading","main_mrdag",1,"me_2.5_effect_0.25",2.5,0.25,30,726,750,25,123,1000,200,"paper/scripts/16_run_simulation_chunk.R","paper/output/full_run/chunks","sparse_loading__main_mrdag__setting-1__rep-0726-0750.rds"
351,"mrdag",191,"sparse_loading","main_mrdag",1,"me_2.5_effect_0.25",2.5,0.25,31,751,775,25,123,1000,200,"paper/scripts/16_run_simulation_chunk.R","paper/output/full_run/chunks","sparse_loading__main_mrdag__setting-1__rep-0751-0775.rds"
352,"mrdag",192,"sparse_loading","main_mrdag",1,"me_2.5_effect_0.25",2.5,0.25,32,776,800,25,123,1000,200,"paper/scripts/16_run_simulation_chunk.R","paper/output/full_run/chunks","sparse_loading__main_mrdag__setting-1__rep-0776-0800.rds"
353,"mrdag",193,"sparse_loading","main_mrdag",1,"me_2.5_effect_0.25",2.5,0.25,33,801,825,25,123,1000,200,"paper/scripts/16_run_simulation_chunk.R","paper/output/full_run/chunks","sparse_loading__main_mrdag__setting-1__rep-0801-0825.rds"
354,"mrdag",194,"sparse_loading","main_mrdag",1,"me_2.5_effect_0.25",2.5,0.25,34,826,850,25,123,1000,200,"paper/scripts/16_run_simulation_chunk.R","paper/output/full_run/chunks","sparse_loading__main_mrdag__setting-1__rep-0826-0850.rds"
355,"mrdag",195,"sparse_loading","main_mrdag",1,"me_2.5_effect_0.25",2.5,0.25,35,851,875,25,123,1000,200,"paper/scripts/16_run_simulation_chunk.R","paper/output/full_run/chunks","sparse_loading__main_mrdag__setting-1__rep-0851-0875.rds"
356,"mrdag",196,"sparse_loading","main_mrdag",1,"me_2.5_effect_0.25",2.5,0.25,36,876,900,25,123,1000,200,"paper/scripts/16_run_simulation_chunk.R","paper/output/full_run/chunks","sparse_loading__main_mrdag__setting-1__rep-0876-0900.rds"
357,"mrdag",197,"sparse_loading","main_mrdag",1,"me_2.5_effect_0.25",2.5,0.25,37,901,925,25,123,1000,200,"paper/scripts/16_run_simulation_chunk.R","paper/output/full_run/chunks","sparse_loading__main_mrdag__setting-1__rep-0901-0925.rds"
358,"mrdag",198,"sparse_loading","main_mrdag",1,"me_2.5_effect_0.25",2.5,0.25,38,926,950,25,123,1000,200,"paper/scripts/16_run_simulation_chunk.R","paper/output/full_run/chunks","sparse_loading__main_mrdag__setting-1__rep-0926-0950.rds"
359,"mrdag",199,"sparse_loading","main_mrdag",1,"me_2.5_effect_0.25",2.5,0.25,39,951,975,25,123,1000,200,"paper/scripts/16_run_simulation_chunk.R","paper/output/full_run/chunks","sparse_loading__main_mrdag__setting-1__rep-0951-0975.rds"
360,"mrdag",200,"sparse_loading","main_mrdag",1,"me_2.5_effect_0.25",2.5,0.25,40,976,1000,25,123,1000,200,"paper/scripts/16_run_simulation_chunk.R","paper/output/full_run/chunks","sparse_loading__main_mrdag__setting-1__rep-0976-1000.rds"
361,"mrdag",201,"sparse_loading","main_mrdag",2,"me_1_effect_0.25",1,0.25,1,1,25,25,123,1000,200,"paper/scripts/16_run_simulation_chunk.R","paper/output/full_run/chunks","sparse_loading__main_mrdag__setting-2__rep-0001-0025.rds"
362,"mrdag",202,"sparse_loading","main_mrdag",2,"me_1_effect_0.25",1,0.25,2,26,50,25,123,1000,200,"paper/scripts/16_run_simulation_chunk.R","paper/output/full_run/chunks","sparse_loading__main_mrdag__setting-2__rep-0026-0050.rds"
363,"mrdag",203,"sparse_loading","main_mrdag",2,"me_1_effect_0.25",1,0.25,3,51,75,25,123,1000,200,"paper/scripts/16_run_simulation_chunk.R","paper/output/full_run/chunks","sparse_loading__main_mrdag__setting-2__rep-0051-0075.rds"
364,"mrdag",204,"sparse_loading","main_mrdag",2,"me_1_effect_0.25",1,0.25,4,76,100,25,123,1000,200,"paper/scripts/16_run_simulation_chunk.R","paper/output/full_run/chunks","sparse_loading__main_mrdag__setting-2__rep-0076-0100.rds"
365,"mrdag",205,"sparse_loading","main_mrdag",2,"me_1_effect_0.25",1,0.25,5,101,125,25,123,1000,200,"paper/scripts/16_run_simulation_chunk.R","paper/output/full_run/chunks","sparse_loading__main_mrdag__setting-2__rep-0101-0125.rds"
366,"mrdag",206,"sparse_loading","main_mrdag",2,"me_1_effect_0.25",1,0.25,6,126,150,25,123,1000,200,"paper/scripts/16_run_simulation_chunk.R","paper/output/full_run/chunks","sparse_loading__main_mrdag__setting-2__rep-0126-0150.rds"
367,"mrdag",207,"sparse_loading","main_mrdag",2,"me_1_effect_0.25",1,0.25,7,151,175,25,123,1000,200,"paper/scripts/16_run_simulation_chunk.R","paper/output/full_run/chunks","sparse_loading__main_mrdag__setting-2__rep-0151-0175.rds"
368,"mrdag",208,"sparse_loading","main_mrdag",2,"me_1_effect_0.25",1,0.25,8,176,200,25,123,1000,200,"paper/scripts/16_run_simulation_chunk.R","paper/output/full_run/chunks","sparse_loading__main_mrdag__setting-2__rep-0176-0200.rds"
369,"mrdag",209,"sparse_loading","main_mrdag",2,"me_1_effect_0.25",1,0.25,9,201,225,25,123,1000,200,"paper/scripts/16_run_simulation_chunk.R","paper/output/full_run/chunks","sparse_loading__main_mrdag__setting-2__rep-0201-0225.rds"
370,"mrdag",210,"sparse_loading","main_mrdag",2,"me_1_effect_0.25",1,0.25,10,226,250,25,123,1000,200,"paper/scripts/16_run_simulation_chunk.R","paper/output/full_run/chunks","sparse_loading__main_mrdag__setting-2__rep-0226-0250.rds"
371,"mrdag",211,"sparse_loading","main_mrdag",2,"me_1_effect_0.25",1,0.25,11,251,275,25,123,1000,200,"paper/scripts/16_run_simulation_chunk.R","paper/output/full_run/chunks","sparse_loading__main_mrdag__setting-2__rep-0251-0275.rds"
372,"mrdag",212,"sparse_loading","main_mrdag",2,"me_1_effect_0.25",1,0.25,12,276,300,25,123,1000,200,"paper/scripts/16_run_simulation_chunk.R","paper/output/full_run/chunks","sparse_loading__main_mrdag__setting-2__rep-0276-0300.rds"
373,"mrdag",213,"sparse_loading","main_mrdag",2,"me_1_effect_0.25",1,0.25,13,301,325,25,123,1000,200,"paper/scripts/16_run_simulation_chunk.R","paper/output/full_run/chunks","sparse_loading__main_mrdag__setting-2__rep-0301-0325.rds"
374,"mrdag",214,"sparse_loading","main_mrdag",2,"me_1_effect_0.25",1,0.25,14,326,350,25,123,1000,200,"paper/scripts/16_run_simulation_chunk.R","paper/output/full_run/chunks","sparse_loading__main_mrdag__setting-2__rep-0326-0350.rds"
375,"mrdag",215,"sparse_loading","main_mrdag",2,"me_1_effect_0.25",1,0.25,15,351,375,25,123,1000,200,"paper/scripts/16_run_simulation_chunk.R","paper/output/full_run/chunks","sparse_loading__main_mrdag__setting-2__rep-0351-0375.rds"
376,"mrdag",216,"sparse_loading","main_mrdag",2,"me_1_effect_0.25",1,0.25,16,376,400,25,123,1000,200,"paper/scripts/16_run_simulation_chunk.R","paper/output/full_run/chunks","sparse_loading__main_mrdag__setting-2__rep-0376-0400.rds"
377,"mrdag",217,"sparse_loading","main_mrdag",2,"me_1_effect_0.25",1,0.25,17,401,425,25,123,1000,200,"paper/scripts/16_run_simulation_chunk.R","paper/output/full_run/chunks","sparse_loading__main_mrdag__setting-2__rep-0401-0425.rds"
378,"mrdag",218,"sparse_loading","main_mrdag",2,"me_1_effect_0.25",1,0.25,18,426,450,25,123,1000,200,"paper/scripts/16_run_simulation_chunk.R","paper/output/full_run/chunks","sparse_loading__main_mrdag__setting-2__rep-0426-0450.rds"
379,"mrdag",219,"sparse_loading","main_mrdag",2,"me_1_effect_0.25",1,0.25,19,451,475,25,123,1000,200,"paper/scripts/16_run_simulation_chunk.R","paper/output/full_run/chunks","sparse_loading__main_mrdag__setting-2__rep-0451-0475.rds"
380,"mrdag",220,"sparse_loading","main_mrdag",2,"me_1_effect_0.25",1,0.25,20,476,500,25,123,1000,200,"paper/scripts/16_run_simulation_chunk.R","paper/output/full_run/chunks","sparse_loading__main_mrdag__setting-2__rep-0476-0500.rds"
381,"mrdag",221,"sparse_loading","main_mrdag",2,"me_1_effect_0.25",1,0.25,21,501,525,25,123,1000,200,"paper/scripts/16_run_simulation_chunk.R","paper/output/full_run/chunks","sparse_loading__main_mrdag__setting-2__rep-0501-0525.rds"
382,"mrdag",222,"sparse_loading","main_mrdag",2,"me_1_effect_0.25",1,0.25,22,526,550,25,123,1000,200,"paper/scripts/16_run_simulation_chunk.R","paper/output/full_run/chunks","sparse_loading__main_mrdag__setting-2__rep-0526-0550.rds"
383,"mrdag",223,"sparse_loading","main_mrdag",2,"me_1_effect_0.25",1,0.25,23,551,575,25,123,1000,200,"paper/scripts/16_run_simulation_chunk.R","paper/output/full_run/chunks","sparse_loading__main_mrdag__setting-2__rep-0551-0575.rds"
384,"mrdag",224,"sparse_loading","main_mrdag",2,"me_1_effect_0.25",1,0.25,24,576,600,25,123,1000,200,"paper/scripts/16_run_simulation_chunk.R","paper/output/full_run/chunks","sparse_loading__main_mrdag__setting-2__rep-0576-0600.rds"
385,"mrdag",225,"sparse_loading","main_mrdag",2,"me_1_effect_0.25",1,0.25,25,601,625,25,123,1000,200,"paper/scripts/16_run_simulation_chunk.R","paper/output/full_run/chunks","sparse_loading__main_mrdag__setting-2__rep-0601-0625.rds"
386,"mrdag",226,"sparse_loading","main_mrdag",2,"me_1_effect_0.25",1,0.25,26,626,650,25,123,1000,200,"paper/scripts/16_run_simulation_chunk.R","paper/output/full_run/chunks","sparse_loading__main_mrdag__setting-2__rep-0626-0650.rds"
387,"mrdag",227,"sparse_loading","main_mrdag",2,"me_1_effect_0.25",1,0.25,27,651,675,25,123,1000,200,"paper/scripts/16_run_simulation_chunk.R","paper/output/full_run/chunks","sparse_loading__main_mrdag__setting-2__rep-0651-0675.rds"
388,"mrdag",228,"sparse_loading","main_mrdag",2,"me_1_effect_0.25",1,0.25,28,676,700,25,123,1000,200,"paper/scripts/16_run_simulation_chunk.R","paper/output/full_run/chunks","sparse_loading__main_mrdag__setting-2__rep-0676-0700.rds"
389,"mrdag",229,"sparse_loading","main_mrdag",2,"me_1_effect_0.25",1,0.25,29,701,725,25,123,1000,200,"paper/scripts/16_run_simulation_chunk.R","paper/output/full_run/chunks","sparse_loading__main_mrdag__setting-2__rep-0701-0725.rds"
390,"mrdag",230,"sparse_loading","main_mrdag",2,"me_1_effect_0.25",1,0.25,30,726,750,25,123,1000,200,"paper/scripts/16_run_simulation_chunk.R","paper/output/full_run/chunks","sparse_loading__main_mrdag__setting-2__rep-0726-0750.rds"
391,"mrdag",231,"sparse_loading","main_mrdag",2,"me_1_effect_0.25",1,0.25,31,751,775,25,123,1000,200,"paper/scripts/16_run_simulation_chunk.R","paper/output/full_run/chunks","sparse_loading__main_mrdag__setting-2__rep-0751-0775.rds"
392,"mrdag",232,"sparse_loading","main_mrdag",2,"me_1_effect_0.25",1,0.25,32,776,800,25,123,1000,200,"paper/scripts/16_run_simulation_chunk.R","paper/output/full_run/chunks","sparse_loading__main_mrdag__setting-2__rep-0776-0800.rds"
393,"mrdag",233,"sparse_loading","main_mrdag",2,"me_1_effect_0.25",1,0.25,33,801,825,25,123,1000,200,"paper/scripts/16_run_simulation_chunk.R","paper/output/full_run/chunks","sparse_loading__main_mrdag__setting-2__rep-0801-0825.rds"
394,"mrdag",234,"sparse_loading","main_mrdag",2,"me_1_effect_0.25",1,0.25,34,826,850,25,123,1000,200,"paper/scripts/16_run_simulation_chunk.R","paper/output/full_run/chunks","sparse_loading__main_mrdag__setting-2__rep-0826-0850.rds"
395,"mrdag",235,"sparse_loading","main_mrdag",2,"me_1_effect_0.25",1,0.25,35,851,875,25,123,1000,200,"paper/scripts/16_run_simulation_chunk.R","paper/output/full_run/chunks","sparse_loading__main_mrdag__setting-2__rep-0851-0875.rds"
396,"mrdag",236,"sparse_loading","main_mrdag",2,"me_1_effect_0.25",1,0.25,36,876,900,25,123,1000,200,"paper/scripts/16_run_simulation_chunk.R","paper/output/full_run/chunks","sparse_loading__main_mrdag__setting-2__rep-0876-0900.rds"
397,"mrdag",237,"sparse_loading","main_mrdag",2,"me_1_effect_0.25",1,0.25,37,901,925,25,123,1000,200,"paper/scripts/16_run_simulation_chunk.R","paper/output/full_run/chunks","sparse_loading__main_mrdag__setting-2__rep-0901-0925.rds"
398,"mrdag",238,"sparse_loading","main_mrdag",2,"me_1_effect_0.25",1,0.25,38,926,950,25,123,1000,200,"paper/scripts/16_run_simulation_chunk.R","paper/output/full_run/chunks","sparse_loading__main_mrdag__setting-2__rep-0926-0950.rds"
399,"mrdag",239,"sparse_loading","main_mrdag",2,"me_1_effect_0.25",1,0.25,39,951,975,25,123,1000,200,"paper/scripts/16_run_simulation_chunk.R","paper/output/full_run/chunks","sparse_loading__main_mrdag__setting-2__rep-0951-0975.rds"
400,"mrdag",240,"sparse_loading","main_mrdag",2,"me_1_effect_0.25",1,0.25,40,976,1000,25,123,1000,200,"paper/scripts/16_run_simulation_chunk.R","paper/output/full_run/chunks","sparse_loading__main_mrdag__setting-2__rep-0976-1000.rds"
401,"mrdag",241,"sparse_loading","main_mrdag",3,"me_2.5_effect_1",2.5,1,1,1,25,25,123,1000,200,"paper/scripts/16_run_simulation_chunk.R","paper/output/full_run/chunks","sparse_loading__main_mrdag__setting-3__rep-0001-0025.rds"
402,"mrdag",242,"sparse_loading","main_mrdag",3,"me_2.5_effect_1",2.5,1,2,26,50,25,123,1000,200,"paper/scripts/16_run_simulation_chunk.R","paper/output/full_run/chunks","sparse_loading__main_mrdag__setting-3__rep-0026-0050.rds"
403,"mrdag",243,"sparse_loading","main_mrdag",3,"me_2.5_effect_1",2.5,1,3,51,75,25,123,1000,200,"paper/scripts/16_run_simulation_chunk.R","paper/output/full_run/chunks","sparse_loading__main_mrdag__setting-3__rep-0051-0075.rds"
404,"mrdag",244,"sparse_loading","main_mrdag",3,"me_2.5_effect_1",2.5,1,4,76,100,25,123,1000,200,"paper/scripts/16_run_simulation_chunk.R","paper/output/full_run/chunks","sparse_loading__main_mrdag__setting-3__rep-0076-0100.rds"
405,"mrdag",245,"sparse_loading","main_mrdag",3,"me_2.5_effect_1",2.5,1,5,101,125,25,123,1000,200,"paper/scripts/16_run_simulation_chunk.R","paper/output/full_run/chunks","sparse_loading__main_mrdag__setting-3__rep-0101-0125.rds"
406,"mrdag",246,"sparse_loading","main_mrdag",3,"me_2.5_effect_1",2.5,1,6,126,150,25,123,1000,200,"paper/scripts/16_run_simulation_chunk.R","paper/output/full_run/chunks","sparse_loading__main_mrdag__setting-3__rep-0126-0150.rds"
407,"mrdag",247,"sparse_loading","main_mrdag",3,"me_2.5_effect_1",2.5,1,7,151,175,25,123,1000,200,"paper/scripts/16_run_simulation_chunk.R","paper/output/full_run/chunks","sparse_loading__main_mrdag__setting-3__rep-0151-0175.rds"
408,"mrdag",248,"sparse_loading","main_mrdag",3,"me_2.5_effect_1",2.5,1,8,176,200,25,123,1000,200,"paper/scripts/16_run_simulation_chunk.R","paper/output/full_run/chunks","sparse_loading__main_mrdag__setting-3__rep-0176-0200.rds"
409,"mrdag",249,"sparse_loading","main_mrdag",3,"me_2.5_effect_1",2.5,1,9,201,225,25,123,1000,200,"paper/scripts/16_run_simulation_chunk.R","paper/output/full_run/chunks","sparse_loading__main_mrdag__setting-3__rep-0201-0225.rds"
410,"mrdag",250,"sparse_loading","main_mrdag",3,"me_2.5_effect_1",2.5,1,10,226,250,25,123,1000,200,"paper/scripts/16_run_simulation_chunk.R","paper/output/full_run/chunks","sparse_loading__main_mrdag__setting-3__rep-0226-0250.rds"
411,"mrdag",251,"sparse_loading","main_mrdag",3,"me_2.5_effect_1",2.5,1,11,251,275,25,123,1000,200,"paper/scripts/16_run_simulation_chunk.R","paper/output/full_run/chunks","sparse_loading__main_mrdag__setting-3__rep-0251-0275.rds"
412,"mrdag",252,"sparse_loading","main_mrdag",3,"me_2.5_effect_1",2.5,1,12,276,300,25,123,1000,200,"paper/scripts/16_run_simulation_chunk.R","paper/output/full_run/chunks","sparse_loading__main_mrdag__setting-3__rep-0276-0300.rds"
413,"mrdag",253,"sparse_loading","main_mrdag",3,"me_2.5_effect_1",2.5,1,13,301,325,25,123,1000,200,"paper/scripts/16_run_simulation_chunk.R","paper/output/full_run/chunks","sparse_loading__main_mrdag__setting-3__rep-0301-0325.rds"
414,"mrdag",254,"sparse_loading","main_mrdag",3,"me_2.5_effect_1",2.5,1,14,326,350,25,123,1000,200,"paper/scripts/16_run_simulation_chunk.R","paper/output/full_run/chunks","sparse_loading__main_mrdag__setting-3__rep-0326-0350.rds"
415,"mrdag",255,"sparse_loading","main_mrdag",3,"me_2.5_effect_1",2.5,1,15,351,375,25,123,1000,200,"paper/scripts/16_run_simulation_chunk.R","paper/output/full_run/chunks","sparse_loading__main_mrdag__setting-3__rep-0351-0375.rds"
416,"mrdag",256,"sparse_loading","main_mrdag",3,"me_2.5_effect_1",2.5,1,16,376,400,25,123,1000,200,"paper/scripts/16_run_simulation_chunk.R","paper/output/full_run/chunks","sparse_loading__main_mrdag__setting-3__rep-0376-0400.rds"
417,"mrdag",257,"sparse_loading","main_mrdag",3,"me_2.5_effect_1",2.5,1,17,401,425,25,123,1000,200,"paper/scripts/16_run_simulation_chunk.R","paper/output/full_run/chunks","sparse_loading__main_mrdag__setting-3__rep-0401-0425.rds"
418,"mrdag",258,"sparse_loading","main_mrdag",3,"me_2.5_effect_1",2.5,1,18,426,450,25,123,1000,200,"paper/scripts/16_run_simulation_chunk.R","paper/output/full_run/chunks","sparse_loading__main_mrdag__setting-3__rep-0426-0450.rds"
419,"mrdag",259,"sparse_loading","main_mrdag",3,"me_2.5_effect_1",2.5,1,19,451,475,25,123,1000,200,"paper/scripts/16_run_simulation_chunk.R","paper/output/full_run/chunks","sparse_loading__main_mrdag__setting-3__rep-0451-0475.rds"
420,"mrdag",260,"sparse_loading","main_mrdag",3,"me_2.5_effect_1",2.5,1,20,476,500,25,123,1000,200,"paper/scripts/16_run_simulation_chunk.R","paper/output/full_run/chunks","sparse_loading__main_mrdag__setting-3__rep-0476-0500.rds"
421,"mrdag",261,"sparse_loading","main_mrdag",3,"me_2.5_effect_1",2.5,1,21,501,525,25,123,1000,200,"paper/scripts/16_run_simulation_chunk.R","paper/output/full_run/chunks","sparse_loading__main_mrdag__setting-3__rep-0501-0525.rds"
422,"mrdag",262,"sparse_loading","main_mrdag",3,"me_2.5_effect_1",2.5,1,22,526,550,25,123,1000,200,"paper/scripts/16_run_simulation_chunk.R","paper/output/full_run/chunks","sparse_loading__main_mrdag__setting-3__rep-0526-0550.rds"
423,"mrdag",263,"sparse_loading","main_mrdag",3,"me_2.5_effect_1",2.5,1,23,551,575,25,123,1000,200,"paper/scripts/16_run_simulation_chunk.R","paper/output/full_run/chunks","sparse_loading__main_mrdag__setting-3__rep-0551-0575.rds"
424,"mrdag",264,"sparse_loading","main_mrdag",3,"me_2.5_effect_1",2.5,1,24,576,600,25,123,1000,200,"paper/scripts/16_run_simulation_chunk.R","paper/output/full_run/chunks","sparse_loading__main_mrdag__setting-3__rep-0576-0600.rds"
425,"mrdag",265,"sparse_loading","main_mrdag",3,"me_2.5_effect_1",2.5,1,25,601,625,25,123,1000,200,"paper/scripts/16_run_simulation_chunk.R","paper/output/full_run/chunks","sparse_loading__main_mrdag__setting-3__rep-0601-0625.rds"
426,"mrdag",266,"sparse_loading","main_mrdag",3,"me_2.5_effect_1",2.5,1,26,626,650,25,123,1000,200,"paper/scripts/16_run_simulation_chunk.R","paper/output/full_run/chunks","sparse_loading__main_mrdag__setting-3__rep-0626-0650.rds"
427,"mrdag",267,"sparse_loading","main_mrdag",3,"me_2.5_effect_1",2.5,1,27,651,675,25,123,1000,200,"paper/scripts/16_run_simulation_chunk.R","paper/output/full_run/chunks","sparse_loading__main_mrdag__setting-3__rep-0651-0675.rds"
428,"mrdag",268,"sparse_loading","main_mrdag",3,"me_2.5_effect_1",2.5,1,28,676,700,25,123,1000,200,"paper/scripts/16_run_simulation_chunk.R","paper/output/full_run/chunks","sparse_loading__main_mrdag__setting-3__rep-0676-0700.rds"
429,"mrdag",269,"sparse_loading","main_mrdag",3,"me_2.5_effect_1",2.5,1,29,701,725,25,123,1000,200,"paper/scripts/16_run_simulation_chunk.R","paper/output/full_run/chunks","sparse_loading__main_mrdag__setting-3__rep-0701-0725.rds"
430,"mrdag",270,"sparse_loading","main_mrdag",3,"me_2.5_effect_1",2.5,1,30,726,750,25,123,1000,200,"paper/scripts/16_run_simulation_chunk.R","paper/output/full_run/chunks","sparse_loading__main_mrdag__setting-3__rep-0726-0750.rds"
431,"mrdag",271,"sparse_loading","main_mrdag",3,"me_2.5_effect_1",2.5,1,31,751,775,25,123,1000,200,"paper/scripts/16_run_simulation_chunk.R","paper/output/full_run/chunks","sparse_loading__main_mrdag__setting-3__rep-0751-0775.rds"
432,"mrdag",272,"sparse_loading","main_mrdag",3,"me_2.5_effect_1",2.5,1,32,776,800,25,123,1000,200,"paper/scripts/16_run_simulation_chunk.R","paper/output/full_run/chunks","sparse_loading__main_mrdag__setting-3__rep-0776-0800.rds"
433,"mrdag",273,"sparse_loading","main_mrdag",3,"me_2.5_effect_1",2.5,1,33,801,825,25,123,1000,200,"paper/scripts/16_run_simulation_chunk.R","paper/output/full_run/chunks","sparse_loading__main_mrdag__setting-3__rep-0801-0825.rds"
434,"mrdag",274,"sparse_loading","main_mrdag",3,"me_2.5_effect_1",2.5,1,34,826,850,25,123,1000,200,"paper/scripts/16_run_simulation_chunk.R","paper/output/full_run/chunks","sparse_loading__main_mrdag__setting-3__rep-0826-0850.rds"
435,"mrdag",275,"sparse_loading","main_mrdag",3,"me_2.5_effect_1",2.5,1,35,851,875,25,123,1000,200,"paper/scripts/16_run_simulation_chunk.R","paper/output/full_run/chunks","sparse_loading__main_mrdag__setting-3__rep-0851-0875.rds"
436,"mrdag",276,"sparse_loading","main_mrdag",3,"me_2.5_effect_1",2.5,1,36,876,900,25,123,1000,200,"paper/scripts/16_run_simulation_chunk.R","paper/output/full_run/chunks","sparse_loading__main_mrdag__setting-3__rep-0876-0900.rds"
437,"mrdag",277,"sparse_loading","main_mrdag",3,"me_2.5_effect_1",2.5,1,37,901,925,25,123,1000,200,"paper/scripts/16_run_simulation_chunk.R","paper/output/full_run/chunks","sparse_loading__main_mrdag__setting-3__rep-0901-0925.rds"
438,"mrdag",278,"sparse_loading","main_mrdag",3,"me_2.5_effect_1",2.5,1,38,926,950,25,123,1000,200,"paper/scripts/16_run_simulation_chunk.R","paper/output/full_run/chunks","sparse_loading__main_mrdag__setting-3__rep-0926-0950.rds"
439,"mrdag",279,"sparse_loading","main_mrdag",3,"me_2.5_effect_1",2.5,1,39,951,975,25,123,1000,200,"paper/scripts/16_run_simulation_chunk.R","paper/output/full_run/chunks","sparse_loading__main_mrdag__setting-3__rep-0951-0975.rds"
440,"mrdag",280,"sparse_loading","main_mrdag",3,"me_2.5_effect_1",2.5,1,40,976,1000,25,123,1000,200,"paper/scripts/16_run_simulation_chunk.R","paper/output/full_run/chunks","sparse_loading__main_mrdag__setting-3__rep-0976-1000.rds"
441,"mrdag",281,"sparse_loading","main_mrdag",4,"me_1_effect_1",1,1,1,1,25,25,123,1000,200,"paper/scripts/16_run_simulation_chunk.R","paper/output/full_run/chunks","sparse_loading__main_mrdag__setting-4__rep-0001-0025.rds"
442,"mrdag",282,"sparse_loading","main_mrdag",4,"me_1_effect_1",1,1,2,26,50,25,123,1000,200,"paper/scripts/16_run_simulation_chunk.R","paper/output/full_run/chunks","sparse_loading__main_mrdag__setting-4__rep-0026-0050.rds"
443,"mrdag",283,"sparse_loading","main_mrdag",4,"me_1_effect_1",1,1,3,51,75,25,123,1000,200,"paper/scripts/16_run_simulation_chunk.R","paper/output/full_run/chunks","sparse_loading__main_mrdag__setting-4__rep-0051-0075.rds"
444,"mrdag",284,"sparse_loading","main_mrdag",4,"me_1_effect_1",1,1,4,76,100,25,123,1000,200,"paper/scripts/16_run_simulation_chunk.R","paper/output/full_run/chunks","sparse_loading__main_mrdag__setting-4__rep-0076-0100.rds"
445,"mrdag",285,"sparse_loading","main_mrdag",4,"me_1_effect_1",1,1,5,101,125,25,123,1000,200,"paper/scripts/16_run_simulation_chunk.R","paper/output/full_run/chunks","sparse_loading__main_mrdag__setting-4__rep-0101-0125.rds"
446,"mrdag",286,"sparse_loading","main_mrdag",4,"me_1_effect_1",1,1,6,126,150,25,123,1000,200,"paper/scripts/16_run_simulation_chunk.R","paper/output/full_run/chunks","sparse_loading__main_mrdag__setting-4__rep-0126-0150.rds"
447,"mrdag",287,"sparse_loading","main_mrdag",4,"me_1_effect_1",1,1,7,151,175,25,123,1000,200,"paper/scripts/16_run_simulation_chunk.R","paper/output/full_run/chunks","sparse_loading__main_mrdag__setting-4__rep-0151-0175.rds"
448,"mrdag",288,"sparse_loading","main_mrdag",4,"me_1_effect_1",1,1,8,176,200,25,123,1000,200,"paper/scripts/16_run_simulation_chunk.R","paper/output/full_run/chunks","sparse_loading__main_mrdag__setting-4__rep-0176-0200.rds"
449,"mrdag",289,"sparse_loading","main_mrdag",4,"me_1_effect_1",1,1,9,201,225,25,123,1000,200,"paper/scripts/16_run_simulation_chunk.R","paper/output/full_run/chunks","sparse_loading__main_mrdag__setting-4__rep-0201-0225.rds"
450,"mrdag",290,"sparse_loading","main_mrdag",4,"me_1_effect_1",1,1,10,226,250,25,123,1000,200,"paper/scripts/16_run_simulation_chunk.R","paper/output/full_run/chunks","sparse_loading__main_mrdag__setting-4__rep-0226-0250.rds"
451,"mrdag",291,"sparse_loading","main_mrdag",4,"me_1_effect_1",1,1,11,251,275,25,123,1000,200,"paper/scripts/16_run_simulation_chunk.R","paper/output/full_run/chunks","sparse_loading__main_mrdag__setting-4__rep-0251-0275.rds"
452,"mrdag",292,"sparse_loading","main_mrdag",4,"me_1_effect_1",1,1,12,276,300,25,123,1000,200,"paper/scripts/16_run_simulation_chunk.R","paper/output/full_run/chunks","sparse_loading__main_mrdag__setting-4__rep-0276-0300.rds"
453,"mrdag",293,"sparse_loading","main_mrdag",4,"me_1_effect_1",1,1,13,301,325,25,123,1000,200,"paper/scripts/16_run_simulation_chunk.R","paper/output/full_run/chunks","sparse_loading__main_mrdag__setting-4__rep-0301-0325.rds"
454,"mrdag",294,"sparse_loading","main_mrdag",4,"me_1_effect_1",1,1,14,326,350,25,123,1000,200,"paper/scripts/16_run_simulation_chunk.R","paper/output/full_run/chunks","sparse_loading__main_mrdag__setting-4__rep-0326-0350.rds"
455,"mrdag",295,"sparse_loading","main_mrdag",4,"me_1_effect_1",1,1,15,351,375,25,123,1000,200,"paper/scripts/16_run_simulation_chunk.R","paper/output/full_run/chunks","sparse_loading__main_mrdag__setting-4__rep-0351-0375.rds"
456,"mrdag",296,"sparse_loading","main_mrdag",4,"me_1_effect_1",1,1,16,376,400,25,123,1000,200,"paper/scripts/16_run_simulation_chunk.R","paper/output/full_run/chunks","sparse_loading__main_mrdag__setting-4__rep-0376-0400.rds"
457,"mrdag",297,"sparse_loading","main_mrdag",4,"me_1_effect_1",1,1,17,401,425,25,123,1000,200,"paper/scripts/16_run_simulation_chunk.R","paper/output/full_run/chunks","sparse_loading__main_mrdag__setting-4__rep-0401-0425.rds"
458,"mrdag",298,"sparse_loading","main_mrdag",4,"me_1_effect_1",1,1,18,426,450,25,123,1000,200,"paper/scripts/16_run_simulation_chunk.R","paper/output/full_run/chunks","sparse_loading__main_mrdag__setting-4__rep-0426-0450.rds"
459,"mrdag",299,"sparse_loading","main_mrdag",4,"me_1_effect_1",1,1,19,451,475,25,123,1000,200,"paper/scripts/16_run_simulation_chunk.R","paper/output/full_run/chunks","sparse_loading__main_mrdag__setting-4__rep-0451-0475.rds"
460,"mrdag",300,"sparse_loading","main_mrdag",4,"me_1_effect_1",1,1,20,476,500,25,123,1000,200,"paper/scripts/16_run_simulation_chunk.R","paper/output/full_run/chunks","sparse_loading__main_mrdag__setting-4__rep-0476-0500.rds"
461,"mrdag",301,"sparse_loading","main_mrdag",4,"me_1_effect_1",1,1,21,501,525,25,123,1000,200,"paper/scripts/16_run_simulation_chunk.R","paper/output/full_run/chunks","sparse_loading__main_mrdag__setting-4__rep-0501-0525.rds"
462,"mrdag",302,"sparse_loading","main_mrdag",4,"me_1_effect_1",1,1,22,526,550,25,123,1000,200,"paper/scripts/16_run_simulation_chunk.R","paper/output/full_run/chunks","sparse_loading__main_mrdag__setting-4__rep-0526-0550.rds"
463,"mrdag",303,"sparse_loading","main_mrdag",4,"me_1_effect_1",1,1,23,551,575,25,123,1000,200,"paper/scripts/16_run_simulation_chunk.R","paper/output/full_run/chunks","sparse_loading__main_mrdag__setting-4__rep-0551-0575.rds"
464,"mrdag",304,"sparse_loading","main_mrdag",4,"me_1_effect_1",1,1,24,576,600,25,123,1000,200,"paper/scripts/16_run_simulation_chunk.R","paper/output/full_run/chunks","sparse_loading__main_mrdag__setting-4__rep-0576-0600.rds"
465,"mrdag",305,"sparse_loading","main_mrdag",4,"me_1_effect_1",1,1,25,601,625,25,123,1000,200,"paper/scripts/16_run_simulation_chunk.R","paper/output/full_run/chunks","sparse_loading__main_mrdag__setting-4__rep-0601-0625.rds"
466,"mrdag",306,"sparse_loading","main_mrdag",4,"me_1_effect_1",1,1,26,626,650,25,123,1000,200,"paper/scripts/16_run_simulation_chunk.R","paper/output/full_run/chunks","sparse_loading__main_mrdag__setting-4__rep-0626-0650.rds"
467,"mrdag",307,"sparse_loading","main_mrdag",4,"me_1_effect_1",1,1,27,651,675,25,123,1000,200,"paper/scripts/16_run_simulation_chunk.R","paper/output/full_run/chunks","sparse_loading__main_mrdag__setting-4__rep-0651-0675.rds"
468,"mrdag",308,"sparse_loading","main_mrdag",4,"me_1_effect_1",1,1,28,676,700,25,123,1000,200,"paper/scripts/16_run_simulation_chunk.R","paper/output/full_run/chunks","sparse_loading__main_mrdag__setting-4__rep-0676-0700.rds"
469,"mrdag",309,"sparse_loading","main_mrdag",4,"me_1_effect_1",1,1,29,701,725,25,123,1000,200,"paper/scripts/16_run_simulation_chunk.R","paper/output/full_run/chunks","sparse_loading__main_mrdag__setting-4__rep-0701-0725.rds"
470,"mrdag",310,"sparse_loading","main_mrdag",4,"me_1_effect_1",1,1,30,726,750,25,123,1000,200,"paper/scripts/16_run_simulation_chunk.R","paper/output/full_run/chunks","sparse_loading__main_mrdag__setting-4__rep-0726-0750.rds"
471,"mrdag",311,"sparse_loading","main_mrdag",4,"me_1_effect_1",1,1,31,751,775,25,123,1000,200,"paper/scripts/16_run_simulation_chunk.R","paper/output/full_run/chunks","sparse_loading__main_mrdag__setting-4__rep-0751-0775.rds"
472,"mrdag",312,"sparse_loading","main_mrdag",4,"me_1_effect_1",1,1,32,776,800,25,123,1000,200,"paper/scripts/16_run_simulation_chunk.R","paper/output/full_run/chunks","sparse_loading__main_mrdag__setting-4__rep-0776-0800.rds"
473,"mrdag",313,"sparse_loading","main_mrdag",4,"me_1_effect_1",1,1,33,801,825,25,123,1000,200,"paper/scripts/16_run_simulation_chunk.R","paper/output/full_run/chunks","sparse_loading__main_mrdag__setting-4__rep-0801-0825.rds"
474,"mrdag",314,"sparse_loading","main_mrdag",4,"me_1_effect_1",1,1,34,826,850,25,123,1000,200,"paper/scripts/16_run_simulation_chunk.R","paper/output/full_run/chunks","sparse_loading__main_mrdag__setting-4__rep-0826-0850.rds"
475,"mrdag",315,"sparse_loading","main_mrdag",4,"me_1_effect_1",1,1,35,851,875,25,123,1000,200,"paper/scripts/16_run_simulation_chunk.R","paper/output/full_run/chunks","sparse_loading__main_mrdag__setting-4__rep-0851-0875.rds"
476,"mrdag",316,"sparse_loading","main_mrdag",4,"me_1_effect_1",1,1,36,876,900,25,123,1000,200,"paper/scripts/16_run_simulation_chunk.R","paper/output/full_run/chunks","sparse_loading__main_mrdag__setting-4__rep-0876-0900.rds"
477,"mrdag",317,"sparse_loading","main_mrdag",4,"me_1_effect_1",1,1,37,901,925,25,123,1000,200,"paper/scripts/16_run_simulation_chunk.R","paper/output/full_run/chunks","sparse_loading__main_mrdag__setting-4__rep-0901-0925.rds"
478,"mrdag",318,"sparse_loading","main_mrdag",4,"me_1_effect_1",1,1,38,926,950,25,123,1000,200,"paper/scripts/16_run_simulation_chunk.R","paper/output/full_run/chunks","sparse_loading__main_mrdag__setting-4__rep-0926-0950.rds"
479,"mrdag",319,"sparse_loading","main_mrdag",4,"me_1_effect_1",1,1,39,951,975,25,123,1000,200,"paper/scripts/16_run_simulation_chunk.R","paper/output/full_run/chunks","sparse_loading__main_mrdag__setting-4__rep-0951-0975.rds"
480,"mrdag",320,"sparse_loading","main_mrdag",4,"me_1_effect_1",1,1,40,976,1000,25,123,1000,200,"paper/scripts/16_run_simulation_chunk.R","paper/output/full_run/chunks","sparse_loading__main_mrdag__setting-4__rep-0976-1000.rds"
